,location,city?,n_comments,n_comment_authors,n_posts,n_post_authors
0,NYC,1,270753,27687,12554,6591
1,Seattle,1,98826,17773,6559,4153
2,Chicago,1,144558,16039,7147,4445
3,LosAngeles,1,186546,19087,9467,5360
4,Portland,1,221268,18430,9335,4792
5,Boston,1,125526,15142,6498,3867
6,Austin,1,202595,18709,8931,5241
7,SanFrancisco,1,71475,10787,5539,3091
8,WashingtonDC,1,65855,8946,4327,2591
9,Houston,1,144918,15725,6863,4000
10,Atlanta,1,111194,12921,5716,3731
11,Philadelphia,1,120736,11673,5664,3259
12,Denver,1,104267,14137,5033,3306
13,SanDiego,1,86537,11540,5889,3480
14,Dallas,1,65568,10796,3875,2577
15,Pittsburgh,1,71581,7969,3775,2261
16,Baltimore,1,37066,5095,2695,1479
17,StLouis,1,65879,7413,3786,2056
18,texas,0,51538,10990,4197,2580
19,california,0,23116,5228,2825,1738
20,newjersey,0,82570,11469,5053,2875
21,michigan,0,84186,12673,4404,2479
22,minnesota,0,52116,8761,2993,1934
23,colorado,0,15054,4657,2174,1477
24,wisconsin,0,33999,5334,2180,1162
25,florida,0,43235,8012,3802,2187
26,connecticut,0,54799,6095,3143,1595
27,oregon,0,22659,4906,2010,1237
28,ohio,0,36086,6712,2557,1570
29,hawaii,0,33314,3419,2303,1256
30,northcarolina,0,30455,5485,2078,1238
31,oklahoma,0,28453,4348,1887,1070
32,maryland,0,32457,5999,2415,1349
33,arizona,0,13678,3735,1917,1256
34,virginia,0,35259,5297,1631,978
35,maine,0,26065,3858,1944,1072
36,indiana,0,16758,3693,1165,779
37,iowa,0,30640,3847,1706,878
38,washington,0,11254,2937,1470,966
39,newhampshire,0,20723,3268,1453,828
40,alaska,0,18391,3012,1675,860
41,louisiana,0,7133,1725,751,488
42,massachusetts,0,18417,3722,1193,783
43,vermont,0,18805,2668,1277,744
44,newyork,0,4130,1220,1234,852
45,arkansas,0,11815,2045,1022,583
46,pennsylvania,0,25515,4257,1723,964
47,alabama,0,15858,2541,1342,683
48,kentucky,0,15414,2978,1364,801
49,southcarolina,0,9632,2164,844,501
50,georgia,0,10183,2553,989,709
51,montana,0,7047,1777,741,510
52,delaware,0,15253,2188,1030,626
53,utah,0,11103,2768,1428,967
54,rhodeisland,0,16772,2454,1198,709
55,missouri,0,8896,2124,707,443
56,tennessee,0,9092,2204,847,571
57,nebraska,0,3885,1097,412,269
58,illinois,0,17055,2601,1154,666
59,westvirginia,0,8236,1849,1065,559
60,newmexico,0,5371,1294,661,410
61,mississippi,0,6312,1201,640,413
62,kansas,0,6896,1374,657,359
63,northdakota,0,3169,727,268,199
64,idaho,0,9636,1773,676,445
65,southdakota,0,3052,717,354,212
66,wyoming,0,3763,881,492,291
67,nevada,0,1788,626,420,247
