Ngram	count	freq	rank
.	838	0.0516	1.0
the	608	0.0374	2.0
,	538	0.0331	3.0
a	346	0.0213	4.0
to	313	0.0193	5.0
and	311	0.0191	6.0
in	260	0.016	7.0
of	253	0.0156	8.0
is	234	0.0144	9.0
I	201	0.0124	10.0
that	178	0.011	11.0
you	167	0.0103	12.0
it	162	0.01	13.0
for	140	0.0086	14.0
?	107	0.0066	15.0
are	101	0.0062	16.0
be	96	0.0059	17.0
on	91	0.0056	18.0
this	89	0.0055	19.0
with	85	0.0052	20.0
but	84	0.0052	21.5
like	84	0.0052	21.5
they	78	0.0048	23.5
have	78	0.0048	23.5
was	73	0.0045	25.0
!	71	0.0044	26.5
as	71	0.0044	26.5
not	70	0.0043	28.5
Baltimore	70	0.0043	28.5
would	60	0.0037	31.0
""""	60	0.0037	31.0
or	60	0.0037	31.0
all	58	0.0036	33.0
(	57	0.0035	34.0
there	56	0.0034	35.0
)	54	0.0033	36.5
at	54	0.0033	36.5
more	51	0.0031	38.5
just	51	0.0031	38.5
The	49	0.003	41.0
if	49	0.003	41.0
up	49	0.003	41.0
people	48	0.003	43.5
out	48	0.003	43.5
get	46	0.0028	45.5
:	46	0.0028	45.5
what	44	0.0027	47.0
so	43	0.0026	48.0
about	42	0.0026	49.5
an	42	0.0026	49.5
think	40	0.0025	51.0
some	39	0.0024	52.0
into	38	0.0023	53.5
can	38	0.0023	53.5
from	36	0.0022	55.0
do	35	0.0022	56.5
city	35	0.0022	56.5
one	34	0.0021	59.0
by	34	0.0021	59.0
my	34	0.0021	59.0
area	33	0.002	61.5
will	33	0.002	61.5
really	32	0.002	65.0
house	32	0.002	65.0
when	32	0.002	65.0
than	32	0.002	65.0
your	32	0.002	65.0
good	31	0.0019	68.0
food	30	0.0018	70.0
It	30	0.0018	70.0
has	30	0.0018	70.0
it's	29	0.0018	72.5
time	29	0.0018	72.5
been	28	0.0017	74.0
make	27	0.0017	77.0
Asian	27	0.0017	77.0
their	27	0.0017	77.0
we	27	0.0017	77.0
This	27	0.0017	77.0
[	26	0.0016	80.5
place	26	0.0016	80.5
because	25	0.0015	82.0
You	24	0.0015	84.5
also	24	0.0015	84.5
going	24	0.0015	84.5
how	24	0.0015	84.5
where	23	0.0014	90.5
too	23	0.0014	90.5
...	23	0.0014	90.5
If	23	0.0014	90.5
here	23	0.0014	90.5
right	23	0.0014	90.5
know	23	0.0014	90.5
who	23	0.0014	90.5
someone	22	0.0014	96.0
much	22	0.0014	96.0
go	22	0.0014	96.0
way	21	0.0013	99.5
other	21	0.0013	99.5
well	21	0.0013	99.5
need	21	0.0013	99.5
after	20	0.0012	107.0
shithole	20	0.0012	107.0
infested	20	0.0012	107.0
rat	20	0.0012	107.0
them	20	0.0012	107.0
thing	20	0.0012	107.0
don't	20	0.0012	107.0
NOT	20	0.0012	107.0
then	20	0.0012	107.0
Korean	20	0.0012	107.0
me	20	0.0012	107.0
great	19	0.0012	114.5
lot	19	0.0012	114.5
being	19	0.0012	114.5
which	19	0.0012	114.5
-	18	0.0011	118.0
places	18	0.0011	118.0
]	18	0.0011	118.0
want	17	0.001	124.5
had	17	0.001	124.5
any	17	0.001	124.5
There	17	0.001	124.5
see	17	0.001	124.5
bike	17	0.001	124.5
should	17	0.001	124.5
local	17	0.001	124.5
could	17	0.001	124.5
live	17	0.001	124.5
police	16	0.001	134.0
even	16	0.001	134.0
I've	16	0.001	134.0
over	16	0.001	134.0
no	16	0.001	134.0
looks	16	0.001	134.0
probably	16	0.001	134.0
year	16	0.001	134.0
around	16	0.001	134.0
seen	15	0.0009	141.0
were	15	0.0009	141.0
But	15	0.0009	141.0
pretty	15	0.0009	141.0
something	15	0.0009	141.0
off	14	0.0009	151.5
Thanks	14	0.0009	151.5
City	14	0.0009	151.5
better	14	0.0009	151.5
you're	14	0.0009	151.5
most	14	0.0009	151.5
little	14	0.0009	151.5
>	14	0.0009	151.5
now	14	0.0009	151.5
still	14	0.0009	151.5
pool	14	0.0009	151.5
I’m	14	0.0009	151.5
work	14	0.0009	151.5
years	14	0.0009	151.5
nice	14	0.0009	151.5
And	14	0.0009	151.5
bad	13	0.0008	165.0
turn	13	0.0008	165.0
down	13	0.0008	165.0
street	13	0.0008	165.0
Ave	13	0.0008	165.0
left	13	0.0008	165.0
It's	13	0.0008	165.0
awesome	13	0.0008	165.0
*	13	0.0008	165.0
look	13	0.0008	165.0
Thai	13	0.0008	165.0
long	12	0.0007	177.5
3	12	0.0007	177.5
back	12	0.0007	177.5
he	12	0.0007	177.5
Not	12	0.0007	177.5
does	12	0.0007	177.5
best	12	0.0007	177.5
car	12	0.0007	177.5
love	12	0.0007	177.5
looking	12	0.0007	177.5
school	12	0.0007	177.5
take	12	0.0007	177.5
What	12	0.0007	177.5
though	12	0.0007	177.5
enough	11	0.0007	192.5
I'm	11	0.0007	192.5
things	11	0.0007	192.5
lane	11	0.0007	192.5
feel	11	0.0007	192.5
said	11	0.0007	192.5
did	11	0.0007	192.5
say	11	0.0007	192.5
our	11	0.0007	192.5
They	11	0.0007	192.5
thought	11	0.0007	192.5
system	11	0.0007	192.5
sure	11	0.0007	192.5
Hill	11	0.0007	192.5
many	11	0.0007	192.5
used	11	0.0007	192.5
traffic	10	0.0006	210.5
Point	10	0.0006	210.5
find	10	0.0006	210.5
seems	10	0.0006	210.5
you’re	10	0.0006	210.5
use	10	0.0006	210.5
last	10	0.0006	210.5
weird	10	0.0006	210.5
white	10	0.0006	210.5
near	10	0.0006	210.5
got	10	0.0006	210.5
Street	10	0.0006	210.5
point	10	0.0006	210.5
never	10	0.0006	210.5
makes	10	0.0006	210.5
without	10	0.0006	210.5
article	10	0.0006	210.5
before	10	0.0006	210.5
party	10	0.0006	210.5
real	10	0.0006	210.5
its	9	0.0006	236.5
his	9	0.0006	236.5
those	9	0.0006	236.5
neighborhood	9	0.0006	236.5
day	9	0.0006	236.5
Market	9	0.0006	236.5
it’s	9	0.0006	236.5
very	9	0.0006	236.5
two	9	0.0006	236.5
Fells	9	0.0006	236.5
while	9	0.0006	236.5
check	9	0.0006	236.5
that's	9	0.0006	236.5
kind	9	0.0006	236.5
isn't	9	0.0006	236.5
There's	9	0.0006	236.5
Cross	9	0.0006	236.5
Yeah	9	0.0006	236.5
Canton	9	0.0006	236.5
case	9	0.0006	236.5
keep	9	0.0006	236.5
since	9	0.0006	236.5
;	9	0.0006	236.5
bit	9	0.0006	236.5
why	9	0.0006	236.5
kids	9	0.0006	236.5
So	9	0.0006	236.5
didn't	9	0.0006	236.5
home	9	0.0006	236.5
don’t	9	0.0006	236.5
5	9	0.0006	236.5
actually	9	0.0006	236.5
different	8	0.0005	266.5
open	8	0.0005	266.5
Roland	8	0.0005	266.5
old	8	0.0005	266.5
least	8	0.0005	266.5
same	8	0.0005	266.5
yet	8	0.0005	266.5
community	8	0.0005	266.5
always	8	0.0005	266.5
less	8	0.0005	266.5
sense	8	0.0005	266.5
My	8	0.0005	266.5
friends	8	0.0005	266.5
far	8	0.0005	266.5
I’ve	8	0.0005	266.5
everything	8	0.0005	266.5
public	8	0.0005	266.5
they're	8	0.0005	266.5
areas	8	0.0005	266.5
cars	8	0.0005	266.5
put	8	0.0005	266.5
apartment	8	0.0005	266.5
new	8	0.0005	266.5
St	8	0.0005	266.5
Ellicott	8	0.0005	266.5
owned	8	0.0005	266.5
done	8	0.0005	266.5
wrong	8	0.0005	266.5
almost	7	0.0004	308.0
info	7	0.0004	308.0
called	7	0.0004	308.0
next	7	0.0004	308.0
Locust	7	0.0004	308.0
person	7	0.0004	308.0
We	7	0.0004	308.0
her	7	0.0004	308.0
A	7	0.0004	308.0
author	7	0.0004	308.0
until	7	0.0004	308.0
fine	7	0.0004	308.0
removed	7	0.0004	308.0
cool	7	0.0004	308.0
cops	7	0.0004	308.0
harbor	7	0.0004	308.0
happened	7	0.0004	308.0
under	7	0.0004	308.0
already	7	0.0004	308.0
trying	7	0.0004	308.0
whole	7	0.0004	308.0
only	7	0.0004	308.0
How	7	0.0004	308.0
i	7	0.0004	308.0
market	7	0.0004	308.0
Asians	7	0.0004	308.0
can't	7	0.0004	308.0
anything	7	0.0004	308.0
getting	7	0.0004	308.0
guy	7	0.0004	308.0
ever	7	0.0004	308.0
It’s	7	0.0004	308.0
Starbucks	7	0.0004	308.0
few	7	0.0004	308.0
money	7	0.0004	308.0
us	7	0.0004	308.0
likely	7	0.0004	308.0
Harborplace	7	0.0004	308.0
ago	7	0.0004	308.0
first	7	0.0004	308.0
making	7	0.0004	308.0
working	7	0.0004	308.0
democrats	7	0.0004	308.0
nothing	7	0.0004	308.0
end	7	0.0004	308.0
often	7	0.0004	308.0
big	7	0.0004	308.0
Chinese	7	0.0004	308.0
am	7	0.0004	308.0
there's	7	0.0004	308.0
You're	7	0.0004	308.0
carjackings	7	0.0004	308.0
rent	7	0.0004	308.0
Village	7	0.0004	308.0
shit	7	0.0004	308.0
spots	6	0.0004	371.5
building	6	0.0004	371.5
opened	6	0.0004	371.5
hell	6	0.0004	371.5
Do	6	0.0004	371.5
safe	6	0.0004	371.5
restaurants	6	0.0004	371.5
Hampden	6	0.0004	371.5
Maryland	6	0.0004	371.5
..	6	0.0004	371.5
40	6	0.0004	371.5
space	6	0.0004	371.5
Most	6	0.0004	371.5
markets	6	0.0004	371.5
County	6	0.0004	371.5
vehicles	6	0.0004	371.5
running	6	0.0004	371.5
imagine	6	0.0004	371.5
business	6	0.0004	371.5
Charles	6	0.0004	371.5
own	6	0.0004	371.5
doing	6	0.0004	371.5
downtown	6	0.0004	371.5
surrounding	6	0.0004	371.5
Olive	6	0.0004	371.5
Seems	6	0.0004	371.5
may	6	0.0004	371.5
believe	6	0.0004	371.5
stolen	6	0.0004	371.5
Thank	6	0.0004	371.5
vote	6	0.0004	371.5
she	6	0.0004	371.5
every	6	0.0004	371.5
doesn't	6	0.0004	371.5
went	6	0.0004	371.5
high	6	0.0004	371.5
+	6	0.0004	371.5
common	6	0.0004	371.5
top	6	0.0004	371.5
historic	6	0.0004	371.5
jobs	6	0.0004	371.5
gets	6	0.0004	371.5
For	6	0.0004	371.5
side	6	0.0004	371.5
When	6	0.0004	371.5
tell	6	0.0004	371.5
Oh	6	0.0004	371.5
thinking	6	0.0004	371.5
room	6	0.0004	371.5
No	6	0.0004	371.5
works	6	0.0004	371.5
walk	6	0.0004	371.5
crime	6	0.0004	371.5
People	6	0.0004	371.5
happy	6	0.0004	371.5
Why	6	0.0004	371.5
interesting	6	0.0004	371.5
instead	6	0.0004	371.5
full	6	0.0004	371.5
video	6	0.0004	371.5
plants	6	0.0004	371.5
can’t	6	0.0004	371.5
Black	6	0.0004	371.5
times	6	0.0004	371.5
read	6	0.0004	371.5
across	6	0.0004	371.5
inside	6	0.0004	371.5
give	6	0.0004	371.5
apartments	6	0.0004	371.5
women	6	0.0004	371.5
Vernon	6	0.0004	371.5
saw	6	0.0004	371.5
definitely	5	0.0003	451.5
paper	5	0.0003	451.5
once	5	0.0003	451.5
mall	5	0.0003	451.5
game	5	0.0003	451.5
shall	5	0.0003	451.5
deep	5	0.0003	451.5
blue	5	0.0003	451.5
North	5	0.0003	451.5
living	5	0.0003	451.5
Hopkins	5	0.0003	451.5
made	5	0.0003	451.5
include	5	0.0003	451.5
week	5	0.0003	451.5
recently	5	0.0003	451.5
started	5	0.0003	451.5
cities	5	0.0003	451.5
baltimore	5	0.0003	451.5
situation	5	0.0003	451.5
price	5	0.0003	451.5
Howard	5	0.0003	451.5
name	5	0.0003	451.5
Jan	5	0.0003	451.5
lol	5	0.0003	451.5
Vietnamese	5	0.0003	451.5
small	5	0.0003	451.5
commute	5	0.0003	451.5
arrested	5	0.0003	451.5
Lotte	5	0.0003	451.5
Uber	5	0.0003	451.5
Filipino	5	0.0003	451.5
Mount	5	0.0003	451.5
renovated	5	0.0003	451.5
change	5	0.0003	451.5
country	5	0.0003	451.5
Iron	5	0.0003	451.5
NYC	5	0.0003	451.5
away	5	0.0003	451.5
further	5	0.0003	451.5
level	5	0.0003	451.5
That's	5	0.0003	451.5
men	5	0.0003	451.5
4	5	0.0003	451.5
town	5	0.0003	451.5
interior	5	0.0003	451.5
republicans	5	0.0003	451.5
move	5	0.0003	451.5
number	5	0.0003	451.5
restaurant	5	0.0003	451.5
causes	5	0.0003	451.5
class	5	0.0003	451.5
\	5	0.0003	451.5
nearly	5	0.0003	451.5
%	5	0.0003	451.5
roof	5	0.0003	451.5
anyone	5	0.0003	451.5
shooting	5	0.0003	451.5
buy	5	0.0003	451.5
sounds	5	0.0003	451.5
yeah	5	0.0003	451.5
decades	5	0.0003	451.5
care	5	0.0003	451.5
power	5	0.0003	451.5
&	5	0.0003	451.5
another	5	0.0003	451.5
stuff	5	0.0003	451.5
water	5	0.0003	451.5
having	5	0.0003	451.5
let	5	0.0003	451.5
Nice	5	0.0003	451.5
Lol	5	0.0003	451.5
elementary	5	0.0003	451.5
sushi	5	0.0003	451.5
mostly	5	0.0003	451.5
issues	5	0.0003	451.5
houses	5	0.0003	451.5
part	5	0.0003	451.5
“	5	0.0003	451.5
maybe	5	0.0003	451.5
night	5	0.0003	451.5
within	5	0.0003	451.5
we’re	5	0.0003	451.5
”	5	0.0003	451.5
life	5	0.0003	451.5
plane	5	0.0003	451.5
lanes	5	0.0003	451.5
deter	5	0.0003	451.5
idea	5	0.0003	451.5
Republicans	4	0.0002	561.5
rather	4	0.0002	561.5
start	4	0.0002	561.5
Even	4	0.0002	561.5
republican	4	0.0002	561.5
department	4	0.0002	561.5
post	4	0.0002	561.5
Age	4	0.0002	561.5
black	4	0.0002	561.5
&#x200B;	4	0.0002	561.5
Jong	4	0.0002	561.5
Where	4	0.0002	561.5
Good	4	0.0002	561.5
happen	4	0.0002	561.5
PSS	4	0.0002	561.5
East	4	0.0002	561.5
lots	4	0.0002	561.5
family	4	0.0002	561.5
today	4	0.0002	561.5
As	4	0.0002	561.5
favorite	4	0.0002	561.5
10	4	0.0002	561.5
avoid	4	0.0002	561.5
failed	4	0.0002	561.5
wine	4	0.0002	561.5
While	4	0.0002	561.5
Dixon	4	0.0002	561.5
through	4	0.0002	561.5
bet	4	0.0002	561.5
Young	4	0.0002	561.5
guess	4	0.0002	561.5
easy	4	0.0002	561.5
along	4	0.0002	561.5
To	4	0.0002	561.5
fair	4	0.0002	561.5
you’ll	4	0.0002	561.5
happens	4	0.0002	561.5
create	4	0.0002	561.5
exactly	4	0.0002	561.5
Also	4	0.0002	561.5
Are	4	0.0002	561.5
walking	4	0.0002	561.5
goes	4	0.0002	561.5
DC	4	0.0002	561.5
problem	4	0.0002	561.5
Check	4	0.0002	561.5
population	4	0.0002	561.5
lives	4	0.0002	561.5
moved	4	0.0002	561.5
Harbor	4	0.0002	561.5
Catonsville	4	0.0002	561.5
bought	4	0.0002	561.5
feels	4	0.0002	561.5
political	4	0.0002	561.5
stupid	4	0.0002	561.5
honestly	4	0.0002	561.5
On	4	0.0002	561.5
meet	4	0.0002	561.5
these	4	0.0002	561.5
rest	4	0.0002	561.5
private	4	0.0002	561.5
certain	4	0.0002	561.5
general	4	0.0002	561.5
vs	4	0.0002	561.5
jungle	4	0.0002	561.5
Lexington	4	0.0002	561.5
either	4	0.0002	561.5
job	4	0.0002	561.5
solid	4	0.0002	561.5
West	4	0.0002	561.5
I’ll	4	0.0002	561.5
I'll	4	0.0002	561.5
table	4	0.0002	561.5
compared	4	0.0002	561.5
corrupt	4	0.0002	561.5
Guys	4	0.0002	561.5
option	4	0.0002	561.5
artsy	4	0.0002	561.5
trip	4	0.0002	561.5
assume	4	0.0002	561.5
Broadway	4	0.0002	561.5
safer	4	0.0002	561.5
vibe	4	0.0002	561.5
Trivia	4	0.0002	561.5
bottom	4	0.0002	561.5
both	4	0.0002	561.5
met	4	0.0002	561.5
whatever	4	0.0002	561.5
courts	4	0.0002	561.5
riding	4	0.0002	561.5
1	4	0.0002	561.5
'	4	0.0002	561.5
Pratt	4	0.0002	561.5
Bolton	4	0.0002	561.5
cycletrack	4	0.0002	561.5
Timonium	4	0.0002	561.5
/	4	0.0002	561.5
again	4	0.0002	561.5
8	4	0.0002	561.5
In	4	0.0002	561.5
north	4	0.0002	561.5
set	4	0.0002	561.5
ridiculous	4	0.0002	561.5
chain	4	0.0002	561.5
Let	4	0.0002	561.5
you'll	4	0.0002	561.5
basically	4	0.0002	561.5
Japanese	4	0.0002	561.5
door	4	0.0002	561.5
America	4	0.0002	561.5
scene	4	0.0002	561.5
obligation	4	0.0002	561.5
questions	4	0.0002	561.5
Yes	4	0.0002	561.5
come	4	0.0002	561.5
parties	4	0.0002	561.5
vendors	4	0.0002	561.5
lived	4	0.0002	561.5
course	4	0.0002	561.5
past	4	0.0002	561.5
list	4	0.0002	561.5
renovation	4	0.0002	561.5
shop	4	0.0002	561.5
agree	4	0.0002	561.5
fact	4	0.0002	561.5
mean	4	0.0002	561.5
follow	4	0.0002	561.5
comment	4	0.0002	561.5
middle	4	0.0002	561.5
fucking	4	0.0002	561.5
2	4	0.0002	561.5
value	4	0.0002	561.5
pass	3	0.0002	752.5
cash	3	0.0002	752.5
You'll	3	0.0002	752.5
world	3	0.0002	752.5
listed	3	0.0002	752.5
myself	3	0.0002	752.5
US	3	0.0002	752.5
tea	3	0.0002	752.5
request	3	0.0002	752.5
each	3	0.0002	752.5
won't	3	0.0002	752.5
especially	3	0.0002	752.5
wonder	3	0.0002	752.5
fan	3	0.0002	752.5
choices	3	0.0002	752.5
proper	3	0.0002	752.5
poor	3	0.0002	752.5
must	3	0.0002	752.5
help	3	0.0002	752.5
seeing	3	0.0002	752.5
three	3	0.0002	752.5
He	3	0.0002	752.5
Republican	3	0.0002	752.5
information	3	0.0002	752.5
however	3	0.0002	752.5
month	3	0.0002	752.5
mess	3	0.0002	752.5
Year	3	0.0002	752.5
Hopefully	3	0.0002	752.5
itself	3	0.0002	752.5
recommend	3	0.0002	752.5
Hope	3	0.0002	752.5
completely	3	0.0002	752.5
couples	3	0.0002	752.5
usually	3	0.0002	752.5
From	3	0.0002	752.5
together	3	0.0002	752.5
families	3	0.0002	752.5
hot	3	0.0002	752.5
violent	3	0.0002	752.5
15	3	0.0002	752.5
days	3	0.0002	752.5
suspect	3	0.0002	752.5
failing	3	0.0002	752.5
competing	3	0.0002	752.5
root	3	0.0002	752.5
host	3	0.0002	752.5
event	3	0.0002	752.5
him	3	0.0002	752.5
etc	3	0.0002	752.5
using	3	0.0002	752.5
row	3	0.0002	752.5
dump	3	0.0002	752.5
sit	3	0.0002	752.5
true	3	0.0002	752.5
there’s	3	0.0002	752.5
answer	3	0.0002	752.5
fog	3	0.0002	752.5
There’s	3	0.0002	752.5
warm	3	0.0002	752.5
came	3	0.0002	752.5
figure	3	0.0002	752.5
Who	3	0.0002	752.5
asking	3	0.0002	752.5
lights	3	0.0002	752.5
Mt	3	0.0002	752.5
blessed	3	0.0002	752.5
worth	3	0.0002	752.5
needed	3	0.0002	752.5
bikes	3	0.0002	752.5
bitchery	3	0.0002	752.5
turning	3	0.0002	752.5
above	3	0.0002	752.5
convert	3	0.0002	752.5
grocery	3	0.0002	752.5
store	3	0.0002	752.5
29	3	0.0002	752.5
friend	3	0.0002	752.5
short	3	0.0002	752.5
comes	3	0.0002	752.5
term	3	0.0002	752.5
project	3	0.0002	752.5
land	3	0.0002	752.5
Pigtown	3	0.0002	752.5
suburbs	3	0.0002	752.5
pay	3	0.0002	752.5
quick	3	0.0002	752.5
1980	3	0.0002	752.5
type	3	0.0002	752.5
else	3	0.0002	752.5
That	3	0.0002	752.5
mathias	3	0.0002	752.5
incredibly	3	0.0002	752.5
ways	3	0.0002	752.5
entire	3	0.0002	752.5
Bodhi	3	0.0002	752.5
tent	3	0.0002	752.5
LA	3	0.0002	752.5
quality	3	0.0002	752.5
Democrats	3	0.0002	752.5
quite	3	0.0002	752.5
wasn't	3	0.0002	752.5
run	3	0.0002	752.5
immediately	3	0.0002	752.5
0	3	0.0002	752.5
specifically	3	0.0002	752.5
west	3	0.0002	752.5
boys	3	0.0002	752.5
sidewalk	3	0.0002	752.5
they'll	3	0.0002	752.5
press	3	0.0002	752.5
age	3	0.0002	752.5
you'd	3	0.0002	752.5
Baltimore's	3	0.0002	752.5
One	3	0.0002	752.5
HIV	3	0.0002	752.5
reason	3	0.0002	752.5
spy	3	0.0002	752.5
politics	3	0.0002	752.5
involved	3	0.0002	752.5
effective	3	0.0002	752.5
coming	3	0.0002	752.5
Kak	3	0.0002	752.5
months	3	0.0002	752.5
truck	3	0.0002	752.5
Wolfe	3	0.0002	752.5
despite	3	0.0002	752.5
trips	3	0.0002	752.5
garage	3	0.0002	752.5
hospital	3	0.0002	752.5
hour	3	0.0002	752.5
limited	3	0.0002	752.5
thanks	3	0.0002	752.5
cocktail	3	0.0002	752.5
hit	3	0.0002	752.5
super	3	0.0002	752.5
KTown	3	0.0002	752.5
doesn’t	3	0.0002	752.5
passive	3	0.0002	752.5
response	3	0.0002	752.5
paywall	3	0.0002	752.5
Federal	3	0.0002	752.5
east	3	0.0002	752.5
Orleans	3	0.0002	752.5
Assuming	3	0.0002	752.5
team	3	0.0002	752.5
strange	3	0.0002	752.5
stole	3	0.0002	752.5
catch	3	0.0002	752.5
real-time	3	0.0002	752.5
might	3	0.0002	752.5
campus	3	0.0002	752.5
main	3	0.0002	752.5
wish	3	0.0002	752.5
Wheelhouse	3	0.0002	752.5
free	3	0.0002	752.5
MD	3	0.0002	752.5
Did	3	0.0002	752.5
policies	3	0.0002	752.5
t	3	0.0002	752.5
ask	3	0.0002	752.5
suggestions	3	0.0002	752.5
These	3	0.0002	752.5
eat	3	0.0002	752.5
playing	3	0.0002	752.5
Park	3	0.0002	752.5
mentioned	3	0.0002	752.5
yourself	3	0.0002	752.5
includes	3	0.0002	752.5
necessary	3	0.0002	752.5
Is	3	0.0002	752.5
absolutely	3	0.0002	752.5
effort	3	0.0002	752.5
late	3	0.0002	752.5
drug	3	0.0002	752.5
environment	3	0.0002	752.5
office	3	0.0002	752.5
history	3	0.0002	752.5
random	3	0.0002	752.5
popped	3	0.0002	752.5
Just	3	0.0002	752.5
parks	3	0.0002	752.5
Inn	3	0.0002	752.5
line	3	0.0002	752.5
currently	3	0.0002	752.5
company	3	0.0002	752.5
possible	3	0.0002	752.5
election	3	0.0002	752.5
bar	3	0.0002	752.5
saying	3	0.0002	752.5
Like	3	0.0002	752.5
Head	3	0.0002	752.5
feet	3	0.0002	752.5
young	3	0.0002	752.5
needs	3	0.0002	752.5
hope	3	0.0002	752.5
location	3	0.0002	752.5
username	3	0.0002	752.5
concrete	3	0.0002	752.5
close	3	0.0002	752.5
second	3	0.0002	752.5
housing	3	0.0002	752.5
indeed	3	0.0002	752.5
gems	3	0.0002	752.5
Scott	3	0.0002	752.5
unsafe	3	0.0002	752.5
blighted	3	0.0002	752.5
hiking	3	0.0002	752.5
Beautiful	3	0.0002	752.5
property	3	0.0002	752.5
gonna	3	0.0002	752.5
murder	3	0.0002	752.5
depends	3	0.0002	752.5
cost	3	0.0002	752.5
plenty	3	0.0002	752.5
education	3	0.0002	752.5
data	3	0.0002	752.5
topic	3	0.0002	752.5
order	3	0.0002	752.5
~	3	0.0002	752.5
somehow	3	0.0002	752.5
outside	3	0.0002	752.5
Pho	3	0.0002	752.5
view	3	0.0002	752.5
goods	3	0.0002	752.5
drinking	3	0.0002	752.5
overall	3	0.0002	752.5
evidence	3	0.0002	752.5
kbbq	3	0.0002	752.5
court	3	0.0002	752.5
conclusion	3	0.0002	752.5
Pig	3	0.0002	752.5
rid	3	0.0002	752.5
catwalk	3	0.0002	752.5
--	3	0.0002	752.5
resturtant	3	0.0002	752.5
Great	3	0.0002	752.5
bath	3	0.0002	752.5
station	3	0.0002	752.5
ride	3	0.0002	752.5
huge	3	0.0002	752.5
road	3	0.0002	752.5
mix	3	0.0002	752.5
crimes	3	0.0002	752.5
catwalks	3	0.0002	752.5
cellar	3	0.0002	752.5
Honey	3	0.0002	752.5
brings	3	0.0002	752.5
that’s	3	0.0002	752.5
neighbors	3	0.0002	752.5
Key	2	0.0001	1158.5
blocks	2	0.0001	1158.5
Residence	2	0.0001	1158.5
Academy	2	0.0001	1158.5
Ive	2	0.0001	1158.5
grab	2	0.0001	1158.5
IMO	2	0.0001	1158.5
Francis	2	0.0001	1158.5
upstairs	2	0.0001	1158.5
Fuck	2	0.0001	1158.5
improvement	2	0.0001	1158.5
gone	2	0.0001	1158.5
16	2	0.0001	1158.5
starting	2	0.0001	1158.5
clean	2	0.0001	1158.5
states	2	0.0001	1158.5
Facebook	2	0.0001	1158.5
corner	2	0.0001	1158.5
names	2	0.0001	1158.5
labor	2	0.0001	1158.5
NW	2	0.0001	1158.5
i'd	2	0.0001	1158.5
plan	2	0.0001	1158.5
music	2	0.0001	1158.5
sustainable	2	0.0001	1158.5
performance	2	0.0001	1158.5
mind	2	0.0001	1158.5
hanging	2	0.0001	1158.5
continue	2	0.0001	1158.5
draped	2	0.0001	1158.5
ignore	2	0.0001	1158.5
stop	2	0.0001	1158.5
100	2	0.0001	1158.5
worse	2	0.0001	1158.5
quantities	2	0.0001	1158.5
cases	2	0.0001	1158.5
vehicular	2	0.0001	1158.5
reddit	2	0.0001	1158.5
bring	2	0.0001	1158.5
cycling	2	0.0001	1158.5
use'	2	0.0001	1158.5
exercise	2	0.0001	1158.5
alive	2	0.0001	1158.5
Rock	2	0.0001	1158.5
highway	2	0.0001	1158.5
negotiation	2	0.0001	1158.5
anyway	2	0.0001	1158.5
solar	2	0.0001	1158.5
centers	2	0.0001	1158.5
heads	2	0.0001	1158.5
bizarre	2	0.0001	1158.5
upcoming	2	0.0001	1158.5
schools	2	0.0001	1158.5
problems	2	0.0001	1158.5
commune	2	0.0001	1158.5
hippy	2	0.0001	1158.5
son	2	0.0001	1158.5
anybody	2	0.0001	1158.5
bath-house	2	0.0001	1158.5
2019788772	2	0.0001	1158.5
https://www.trulia.com/p/md/baltimore/440-grindall-st-baltimore-md-21230	2	0.0001	1158.5
wild	2	0.0001	1158.5
improve	2	0.0001	1158.5
current	2	0.0001	1158.5
wall	2	0.0001	1158.5
zone	2	0.0001	1158.5
travel	2	0.0001	1158.5
able	2	0.0001	1158.5
worried	2	0.0001	1158.5
AND	2	0.0001	1158.5
giant	2	0.0001	1158.5
giving	2	0.0001	1158.5
Hampstead	2	0.0001	1158.5
changing	2	0.0001	1158.5
Ok	2	0.0001	1158.5
Station	2	0.0001	1158.5
kill	2	0.0001	1158.5
Hard	2	0.0001	1158.5
cards	2	0.0001	1158.5
show	2	0.0001	1158.5
guaranteed	2	0.0001	1158.5
Well	2	0.0001	1158.5
others	2	0.0001	1158.5
arrest	2	0.0001	1158.5
teams	2	0.0001	1158.5
lost	2	0.0001	1158.5
HomeSlyce	2	0.0001	1158.5
Could	2	0.0001	1158.5
fishy	2	0.0001	1158.5
watch	2	0.0001	1158.5
against	2	0.0001	1158.5
flavor	2	0.0001	1158.5
platform	2	0.0001	1158.5
diving	2	0.0001	1158.5
mikvah	2	0.0001	1158.5
mass	2	0.0001	1158.5
ass	2	0.0001	1158.5
recover	2	0.0001	1158.5
red-handed	2	0.0001	1158.5
Both	2	0.0001	1158.5
wow	2	0.0001	1158.5
squeegee	2	0.0001	1158.5
amazing	2	0.0001	1158.5
Exactly	2	0.0001	1158.5
Agreed	2	0.0001	1158.5
Homewood	2	0.0001	1158.5
easiest	2	0.0001	1158.5
attempt	2	0.0001	1158.5
man	2	0.0001	1158.5
treatment	2	0.0001	1158.5
cross	2	0.0001	1158.5
claim	2	0.0001	1158.5
posted	2	0.0001	1158.5
manage	2	0.0001	1158.5
leveled	2	0.0001	1158.5
blend	2	0.0001	1158.5
Don't	2	0.0001	1158.5
Guessing	2	0.0001	1158.5
associates	2	0.0001	1158.5
Mike	2	0.0001	1158.5
Haha	2	0.0001	1158.5
TJ	2	0.0001	1158.5
selling	2	0.0001	1158.5
corruption	2	0.0001	1158.5
quit	2	0.0001	1158.5
thefts	2	0.0001	1158.5
sucks	2	0.0001	1158.5
hill	2	0.0001	1158.5
neighborhoods	2	0.0001	1158.5
smash	2	0.0001	1158.5
somewhere	2	0.0001	1158.5
perhaps	2	0.0001	1158.5
ready	2	0.0001	1158.5
serious	2	0.0001	1158.5
interests	2	0.0001	1158.5
concern	2	0.0001	1158.5
share	2	0.0001	1158.5
climate	2	0.0001	1158.5
kinda	2	0.0001	1158.5
homes	2	0.0001	1158.5
networks	2	0.0001	1158.5
code	2	0.0001	1158.5
notified	2	0.0001	1158.5
package	2	0.0001	1158.5
fish	2	0.0001	1158.5
state	2	0.0001	1158.5
companies	2	0.0001	1158.5
sad	2	0.0001	1158.5
coverage	2	0.0001	1158.5
Here's	2	0.0001	1158.5
bias	2	0.0001	1158.5
clear	2	0.0001	1158.5
candidate	2	0.0001	1158.5
thank	2	0.0001	1158.5
tobacco	2	0.0001	1158.5
That’s	2	0.0001	1158.5
legal	2	0.0001	1158.5
Awesome	2	0.0001	1158.5
personally	2	0.0001	1158.5
buildings	2	0.0001	1158.5
model	2	0.0001	1158.5
Yep	2	0.0001	1158.5
cute	2	0.0001	1158.5
hopefully	2	0.0001	1158.5
airport	2	0.0001	1158.5
Hey	2	0.0001	1158.5
covered	2	0.0001	1158.5
talk	2	0.0001	1158.5
soon	2	0.0001	1158.5
thread	2	0.0001	1158.5
vehicle	2	0.0001	1158.5
Im	2	0.0001	1158.5
taking	2	0.0001	1158.5
grandmother	2	0.0001	1158.5
walked	2	0.0001	1158.5
Block	2	0.0001	1158.5
lotion	2	0.0001	1158.5
puts	2	0.0001	1158.5
biggest	2	0.0001	1158.5
sharing	2	0.0001	1158.5
fuck	2	0.0001	1158.5
estate	2	0.0001	1158.5
air	2	0.0001	1158.5
storm	2	0.0001	1158.5
useful	2	0.0001	1158.5
types	2	0.0001	1158.5
unique	2	0.0001	1158.5
Back	2	0.0001	1158.5
JFX	2	0.0001	1158.5
shoulder	2	0.0001	1158.5
couldn't	2	0.0001	1158.5
pull	2	0.0001	1158.5
everybody	2	0.0001	1158.5
driving	2	0.0001	1158.5
reno	2	0.0001	1158.5
construction	2	0.0001	1158.5
laundering	2	0.0001	1158.5
search	2	0.0001	1158.5
All	2	0.0001	1158.5
similar	2	0.0001	1158.5
stay	2	0.0001	1158.5
consider	2	0.0001	1158.5
moving	2	0.0001	1158.5
Road	2	0.0001	1158.5
highest	2	0.0001	1158.5
closest	2	0.0001	1158.5
garages	2	0.0001	1158.5
force	2	0.0001	1158.5
drop	2	0.0001	1158.5
diversity	2	0.0001	1158.5
Nepal	2	0.0001	1158.5
prostitution	2	0.0001	1158.5
military	2	0.0001	1158.5
example	2	0.0001	1158.5
necessarily	2	0.0001	1158.5
comparison	2	0.0001	1158.5
wants	2	0.0001	1158.5
Yea	2	0.0001	1158.5
learning	2	0.0001	1158.5
wait	2	0.0001	1158.5
sights	2	0.0001	1158.5
points	2	0.0001	1158.5
inflated	2	0.0001	1158.5
talking	2	0.0001	1158.5
multiple	2	0.0001	1158.5
sold	2	0.0001	1158.5
$565k	2	0.0001	1158.5
foreclosure	2	0.0001	1158.5
watching	2	0.0001	1158.5
facility	2	0.0001	1158.5
previously	2	0.0001	1158.5
owner	2	0.0001	1158.5
relevant	2	0.0001	1158.5
Himalayan	2	0.0001	1158.5
weekly	2	0.0001	1158.5
Everything	2	0.0001	1158.5
wok	2	0.0001	1158.5
thai	2	0.0001	1158.5
Man	2	0.0001	1158.5
underground	2	0.0001	1158.5
Old	2	0.0001	1158.5
deal	2	0.0001	1158.5
engineer	2	0.0001	1158.5
fix	2	0.0001	1158.5
behavior	2	0.0001	1158.5
shitty	2	0.0001	1158.5
toxic	2	0.0001	1158.5
result	2	0.0001	1158.5
such	2	0.0001	1158.5
fixed	2	0.0001	1158.5
doubt	2	0.0001	1158.5
historical	2	0.0001	1158.5
lower	2	0.0001	1158.5
levels	2	0.0001	1158.5
prefer	2	0.0001	1158.5
major	2	0.0001	1158.5
higher	2	0.0001	1158.5
acknowledge	2	0.0001	1158.5
fall	2	0.0001	1158.5
Eastern	2	0.0001	1158.5
Fleet	2	0.0001	1158.5
shops	2	0.0001	1158.5
bricks	2	0.0001	1158.5
modern	2	0.0001	1158.5
certainly	2	0.0001	1158.5
1980's	2	0.0001	1158.5
summer	2	0.0001	1158.5
slew	2	0.0001	1158.5
compete	2	0.0001	1158.5
direction	2	0.0001	1158.5
step	2	0.0001	1158.5
tons	2	0.0001	1158.5
refuge	2	0.0001	1158.5
dwellings	2	0.0001	1158.5
You’re	2	0.0001	1158.5
concerned	2	0.0001	1158.5
study	2	0.0001	1158.5
grant	2	0.0001	1158.5
$225,000	2	0.0001	1158.5
undercover	2	0.0001	1158.5
city's	2	0.0001	1158.5
Consulting	2	0.0001	1158.5
pedestrian	2	0.0001	1158.5
UPD	2	0.0001	1158.5
unfriendly	2	0.0001	1158.5
Sounds	2	0.0001	1158.5
sleep	2	0.0001	1158.5
residential	2	0.0001	1158.5
Or	2	0.0001	1158.5
lead	2	0.0001	1158.5
Sorry	2	0.0001	1158.5
focusing	2	0.0001	1158.5
culture	2	0.0001	1158.5
improving	2	0.0001	1158.5
supposed	2	0.0001	1158.5
90's	2	0.0001	1158.5
August	2	0.0001	1158.5
early	2	0.0001	1158.5
malls	2	0.0001	1158.5
themselves	2	0.0001	1158.5
solution	2	0.0001	1158.5
Hollywood	2	0.0001	1158.5
complex	2	0.0001	1158.5
Planet	2	0.0001	1158.5
ESPN	2	0.0001	1158.5
Scottsdale	2	0.0001	1158.5
truly	2	0.0001	1158.5
intersection	2	0.0001	1158.5
Florida	2	0.0001	1158.5
pickup	2	0.0001	1158.5
red	2	0.0001	1158.5
Maybe	2	0.0001	1158.5
student	2	0.0001	1158.5
palace	2	0.0001	1158.5
house/sex	2	0.0001	1158.5
Would	2	0.0001	1158.5
simply	2	0.0001	1158.5
gotten	2	0.0001	1158.5
pools	2	0.0001	1158.5
Riding	2	0.0001	1158.5
understand	2	0.0001	1158.5
style	2	0.0001	1158.5
somewhat	2	0.0001	1158.5
driver	2	0.0001	1158.5
Anyway	2	0.0001	1158.5
neat	2	0.0001	1158.5
decorating	2	0.0001	1158.5
ideas	2	0.0001	1158.5
coast	2	0.0001	1158.5
friendly	2	0.0001	1158.5
bathhouse	2	0.0001	1158.5
designed	2	0.0001	1158.5
referenced	2	0.0001	1158.5
talked	2	0.0001	1158.5
awesomister	2	0.0001	1158.5
additional	2	0.0001	1158.5
CEO	2	0.0001	1158.5
Austin	2	0.0001	1158.5
Doug	2	0.0001	1158.5
awarded	2	0.0001	1158.5
Mae	2	0.0001	1158.5
Fannie	2	0.0001	1158.5
hole	2	0.0001	1158.5
indoor	2	0.0001	1158.5
With	2	0.0001	1158.5
million	2	0.0001	1158.5
struggle	2	0.0001	1158.5
W	2	0.0001	1158.5
including	2	0.0001	1158.5
Mark	2	0.0001	1158.5
fits	2	0.0001	1158.5
floor	2	0.0001	1158.5
ground	2	0.0001	1158.5
retail	2	0.0001	1158.5
6	2	0.0001	1158.5
coffee	2	0.0001	1158.5
aren't	2	0.0001	1158.5
tear	2	0.0001	1158.5
Light	2	0.0001	1158.5
meat	2	0.0001	1158.5
towards	2	0.0001	1158.5
suggest	2	0.0001	1158.5
Rockville	2	0.0001	1158.5
Indian	2	0.0001	1158.5
BWI	2	0.0001	1158.5
behind	2	0.0001	1158.5
head	2	0.0001	1158.5
considered	2	0.0001	1158.5
Thought	2	0.0001	1158.5
Shoutout	2	0.0001	1158.5
trend	2	0.0001	1158.5
bowls	2	0.0001	1158.5
related	2	0.0001	1158.5
refund	2	0.0001	1158.5
University	2	0.0001	1158.5
stand	2	0.0001	1158.5
killed	2	0.0001	1158.5
Johns	2	0.0001	1158.5
human	2	0.0001	1158.5
eye	2	0.0001	1158.5
Which	2	0.0001	1158.5
baos	2	0.0001	1158.5
chicken	2	0.0001	1158.5
minority	2	0.0001	1158.5
potential	2	0.0001	1158.5
However	2	0.0001	1158.5
voters	2	0.0001	1158.5
rice	2	0.0001	1158.5
gas	2	0.0001	1158.5
whether	2	0.0001	1158.5
process	2	0.0001	1158.5
hard	2	0.0001	1158.5
tried	2	0.0001	1158.5
https://www.reddit.com/r/science/comments/eocds2/for_many_americans_talking_about_the_news_has/fecndk0/)	2	0.0001	1158.5
policy	2	0.0001	1158.5
Bike	2	0.0001	1158.5
federal	2	0.0001	1158.5
Trump	2	0.0001	1158.5
King	2	0.0001	1158.5
cuisine	2	0.0001	1158.5
Further	2	0.0001	1158.5
opening	2	0.0001	1158.5
MICA	2	0.0001	1158.5
hear	2	0.0001	1158.5
UB	2	0.0001	1158.5
2018	2	0.0001	1158.5
staying	2	0.0001	1158.5
crap	2	0.0001	1158.5
minutes	2	0.0001	1158.5
20	2	0.0001	1158.5
remember	2	0.0001	1158.5
Ekiben	2	0.0001	1158.5
cheaper	2	0.0001	1158.5
rental	2	0.0001	1158.5
complain	2	0.0001	1158.5
Some	2	0.0001	1158.5
he's	2	0.0001	1158.5
yes	2	0.0001	1158.5
More	2	0.0001	1158.5
Bob	2	0.0001	1158.5
Kim	2	0.0001	1158.5
couple	2	0.0001	1158.5
Rainpia	2	0.0001	1158.5
Beseto	2	0.0001	1158.5
Story	2	0.0001	1158.5
fusion	2	0.0001	1158.5
fairly	2	0.0001	1158.5
pills	2	0.0001	1158.5
extent	2	0.0001	1158.5
mixed	2	0.0001	1158.5
camera	2	0.0001	1158.5
anywhere	2	0.0001	1158.5
Juk	2	0.0001	1158.5
Pretty	2	0.0001	1158.5
immediate	2	0.0001	1158.5
China	2	0.0001	1158.5
Siroo	2	0.0001	1158.5
Right	2	0.0001	1158.5
garden	2	0.0001	1158.5
wiki	2	0.0001	1158.5
center	2	0.0001	1158.5
Section	2	0.0001	1158.5
operated	2	0.0001	1158.5
spot	2	0.0001	1158.5
Na	2	0.0001	1158.5
haha	2	0.0001	1158.5
Ra	2	0.0001	1158.5
Everybody	2	0.0001	1158.5
Got	2	0.0001	1158.5
literally	2	0.0001	1158.5
named	2	0.0001	1158.5
amount	2	0.0001	1158.5
okay	2	0.0001	1158.5
comedy	2	0.0001	1158.5
link	2	0.0001	1158.5
body	2	0.0001	1158.5
bother	2	0.0001	1158.5
nightmare	2	0.0001	1158.5
parking	2	0.0001	1158.5
return	2	0.0001	1158.5
law	2	0.0001	1158.5
economic	2	0.0001	1158.5
Democratic	2	0.0001	1158.5
bakery	2	0.0001	1158.5
Jours	2	0.0001	1158.5
machine	2	0.0001	1158.5
Les	2	0.0001	1158.5
Tous	2	0.0001	1158.5
JHU	2	0.0001	1158.5
matter	2	0.0001	1158.5
options	2	0.0001	1158.5
Way	2	0.0001	1158.5
specific	2	0.0001	1158.5
Zillow	2	0.0001	1158.5
John	2	0.0001	1158.5
leadership	2	0.0001	1158.5
children	2	0.0001	1158.5
took	2	0.0001	1158.5
Same	2	0.0001	1158.5
Looks	2	0.0001	1158.5
What's	2	0.0001	1158.5
awesome'er	2	0.0001	1158.5
wives	2	0.0001	1158.5
won’t	2	0.0001	1158.5
incredible	2	0.0001	1158.5
subreddit	2	0.0001	1158.5
swear	2	0.0001	1158.5
Asia	2	0.0001	1158.5
member	2	0.0001	1158.5
recovery	2	0.0001	1158.5
CA	2	0.0001	1158.5
welcome	2	0.0001	1158.5
opinion	2	0.0001	1158.5
trash	2	0.0001	1158.5
Here	2	0.0001	1158.5
throw	2	0.0001	1158.5
god	2	0.0001	1158.5
Lots	2	0.0001	1158.5
spend	2	0.0001	1158.5
shot	2	0.0001	1158.5
Of	2	0.0001	1158.5
backgrounds	2	0.0001	1158.5
chance	2	0.0001	1158.5
kid's	2	0.0001	1158.5
represented	2	0.0001	1158.5
At	2	0.0001	1158.5
Makes	2	0.0001	1158.5
essentially	2	0.0001	1158.5
try	2	0.0001	1158.5
majority	2	0.0001	1158.5
helpful	2	0.0001	1158.5
loads	2	0.0001	1158.5
guys	2	0.0001	1158.5
groups	2	0.0001	1158.5
anymore	2	0.0001	1158.5
future	2	0.0001	1158.5
$1,000	2	0.0001	1158.5
incumbent	2	0.0001	1158.5
advantage	2	0.0001	1158.5
tend	2	0.0001	1158.5
cop	2	0.0001	1158.5
play	2	0.0001	1158.5
aware	2	0.0001	1158.5
caught	2	0.0001	1158.5
impossible	2	0.0001	1158.5
Additionally	2	0.0001	1158.5
Highlandtown	2	0.0001	1158.5
An	2	0.0001	1158.5
front	2	0.0001	1158.5
terms	2	0.0001	1158.5
decide	2	0.0001	1158.5
events	2	0.0001	1158.5
kitchen	2	0.0001	1158.5
kid	2	0.0001	1158.5
prophylaxis	2	0.0001	1158.5
Kitchen	2	0.0001	1158.5
studio	2	0.0001	1158.5
extremely	2	0.0001	1158.5
decent	2	0.0001	1158.5
expensive	2	0.0001	1158.5
wife	2	0.0001	1158.5
seem	2	0.0001	1158.5
Here’s	2	0.0001	1158.5
isn’t	2	0.0001	1158.5
preventing	2	0.0001	1158.5
varying	2	0.0001	1158.5
Nam	2	0.0001	1158.5
Best	2	0.0001	1158.5
Kang	2	0.0001	1158.5
utilities	2	0.0001	1158.5
between	2	0.0001	1158.5
support	2	0.0001	1158.5
following	2	0.0001	1158.5
Ramen	2	0.0001	1158.5
post-exposure	2	0.0001	1158.5
lunch	2	0.0001	1158.5
FYI	2	0.0001	1158.5
wouldn't	2	0.0001	1158.5
Thursday	2	0.0001	1158.5
infection	2	0.0001	1158.5
folks	2	0.0001	1158.5
nowadays	2	0.0001	1158.5
22nd	1	0.0001	2503.0
principal	1	0.0001	2503.0
avoiding	1	0.0001	2503.0
stroller	1	0.0001	2503.0
James	1	0.0001	2503.0
parents	1	0.0001	2503.0
Peabody	1	0.0001	2503.0
locust	1	0.0001	2503.0
turns	1	0.0001	2503.0
keeping	1	0.0001	2503.0
rec	1	0.0001	2503.0
i.e	1	0.0001	2503.0
Avon	1	0.0001	2503.0
arguing	1	0.0001	2503.0
Stringer	1	0.0001	2503.0
hours	1	0.0001	2503.0
budget	1	0.0001	2503.0
Joyce	1	0.0001	2503.0
29th	1	0.0001	2503.0
dozen	1	0.0001	2503.0
counties	1	0.0001	2503.0
flip	1	0.0001	2503.0
@	1	0.0001	2503.0
Mick	1	0.0001	2503.0
Hence	1	0.0001	2503.0
stayed	1	0.0001	2503.0
Upper	1	0.0001	2503.0
slide	1	0.0001	2503.0
significant	1	0.0001	2503.0
build	1	0.0001	2503.0
experienced	1	0.0001	2503.0
catchment	1	0.0001	2503.0
retarded	1	0.0001	2503.0
deck	1	0.0001	2503.0
government	1	0.0001	2503.0
Patterson	1	0.0001	2503.0
bordered	1	0.0001	2503.0
riders	1	0.0001	2503.0
dollars	1	0.0001	2503.0
uneasy	1	0.0001	2503.0
O	1	0.0001	2503.0
pricey	1	0.0001	2503.0
slump	1	0.0001	2503.0
Tea	1	0.0001	2503.0
absolute	1	0.0001	2503.0
trump's	1	0.0001	2503.0
boat	1	0.0001	2503.0
15th	1	0.0001	2503.0
charter	1	0.0001	2503.0
Shea’s	1	0.0001	2503.0
news	1	0.0001	2503.0
qualifications	1	0.0001	2503.0
McDonald’s	1	0.0001	2503.0
Christ	1	0.0001	2503.0
quarter	1	0.0001	2503.0
cares	1	0.0001	2503.0
shirt	1	0.0001	2503.0
blast	1	0.0001	2503.0
reach	1	0.0001	2503.0
brewery	1	0.0001	2503.0
ID	1	0.0001	2503.0
uses	1	0.0001	2503.0
license	1	0.0001	2503.0
high-profile	1	0.0001	2503.0
divisive	1	0.0001	2503.0
media	1	0.0001	2503.0
spay/neuter	1	0.0001	2503.0
focus	1	0.0001	2503.0
realizing	1	0.0001	2503.0
EVERYTHING	1	0.0001	2503.0
About	1	0.0001	2503.0
wrong'	1	0.0001	2503.0
right'	1	0.0001	2503.0
represent	1	0.0001	2503.0
details	1	0.0001	2503.0
politicize	1	0.0001	2503.0
politicans	1	0.0001	2503.0
ensures	1	0.0001	2503.0
intrigued	1	0.0001	2503.0
diver	1	0.0001	2503.0
collegiate	1	0.0001	2503.0
former	1	0.0001	2503.0
connect	1	0.0001	2503.0
systems	1	0.0001	2503.0
fiance	1	0.0001	2503.0
preservation	1	0.0001	2503.0
https://barcs.org/adopt-dogs/#adoptionDetails	1	0.0001	2503.0
logic	1	0.0001	2503.0
alley	1	0.0001	2503.0
targeting	1	0.0001	2503.0
industry	1	0.0001	2503.0
heralded	1	0.0001	2503.0
Welp	1	0.0001	2503.0
contest	1	0.0001	2503.0
green	1	0.0001	2503.0
dispose	1	0.0001	2503.0
glow	1	0.0001	2503.0
global	1	0.0001	2503.0
claiming	1	0.0001	2503.0
thrown	1	0.0001	2503.0
Oil	1	0.0001	2503.0
taxpayers	1	0.0001	2503.0
cities/towns/counties	1	0.0001	2503.0
damages	1	0.0001	2503.0
BP	1	0.0001	2503.0
Exxon	1	0.0001	2503.0
Chevron	1	0.0001	2503.0
docks	1	0.0001	2503.0
suing	1	0.0001	2503.0
municipalities	1	0.0001	2503.0
https://www.eenews.net/climatewire/stories/1060554717/search?keyword=hijazi+baltimore](https://www.eenews.net/climatewire/stories/1060554717/search?keyword=hijazi+baltimore)	1	0.0001	2503.0
decision	1	0.0001	2503.0
Adoption	1	0.0001	2503.0
E&E	1	0.0001	2503.0
fees	1	0.0001	2503.0
products	1	0.0001	2503.0
warnings	1	0.0001	2503.0
sued	1	0.0001	2503.0
microchip	1	0.0001	2503.0
enforce	1	0.0001	2503.0
positions	1	0.0001	2503.0
reduces	1	0.0001	2503.0
Strong	1	0.0001	2503.0
Charmed	1	0.0001	2503.0
Chester	1	0.0001	2503.0
Specifically	1	0.0001	2503.0
Weebay	1	0.0001	2503.0
leave	1	0.0001	2503.0
solipsist	1	0.0001	2503.0
prescriptivist's	1	0.0001	2503.0
FSK	1	0.0001	2503.0
packed	1	0.0001	2503.0
Fort	1	0.0001	2503.0
park	1	0.0001	2503.0
describing	1	0.0001	2503.0
Agree	1	0.0001	2503.0
Precinct	1	0.0001	2503.0
Woodlawn	1	0.0001	2503.0
clothing	1	0.0001	2503.0
sitcom	1	0.0001	2503.0
words	1	0.0001	2503.0
meaning	1	0.0001	2503.0
lizard	1	0.0001	2503.0
convinced	1	0.0001	2503.0
let’s	1	0.0001	2503.0
ultimately	1	0.0001	2503.0
curious	1	0.0001	2503.0
craps	1	0.0001	2503.0
30th	1	0.0001	2503.0
Buy	1	0.0001	2503.0
language	1	0.0001	2503.0
husbands	1	0.0001	2503.0
longer	1	0.0001	2503.0
harm	1	0.0001	2503.0
kicked	1	0.0001	2503.0
Mayors	1	0.0001	2503.0
audacity	1	0.0001	2503.0
correct	1	0.0001	2503.0
police’s	1	0.0001	2503.0
management	1	0.0001	2503.0
administrative	1	0.0001	2503.0
teacher	1	0.0001	2503.0
he’s	1	0.0001	2503.0
scoping	1	0.0001	2503.0
involvement	1	0.0001	2503.0
priority	1	0.0001	2503.0
Heights	1	0.0001	2503.0
bed/2bath	1	0.0001	2503.0
plus	1	0.0001	2503.0
visiting	1	0.0001	2503.0
we’ve	1	0.0001	2503.0
highlandtown	1	0.0001	2503.0
obviously	1	0.0001	2503.0
roots	1	0.0001	2503.0
plant	1	0.0001	2503.0
unfamiliar	1	0.0001	2503.0
husband	1	0.0001	2503.0
btw	1	0.0001	2503.0
Loved	1	0.0001	2503.0
felt	1	0.0001	2503.0
hung	1	0.0001	2503.0
prices	1	0.0001	2503.0
Literally	1	0.0001	2503.0
silence	1	0.0001	2503.0
variety	1	0.0001	2503.0
normal	1	0.0001	2503.0
$100-$150k	1	0.0001	2503.0
caligula	1	0.0001	2503.0
creating	1	0.0001	2503.0
Near	1	0.0001	2503.0
bathroom	1	0.0001	2503.0
steam	1	0.0001	2503.0
ton	1	0.0001	2503.0
heat	1	0.0001	2503.0
benches	1	0.0001	2503.0
intentionally	1	0.0001	2503.0
disaster	1	0.0001	2503.0
segment	1	0.0001	2503.0
walkability	1	0.0001	2503.0
finishes	1	0.0001	2503.0
Improving	1	0.0001	2503.0
funnel	1	0.0001	2503.0
sorts	1	0.0001	2503.0
choke	1	0.0001	2503.0
paths	1	0.0001	2503.0
Having	1	0.0001	2503.0
offers	1	0.0001	2503.0
hiil/locust	1	0.0001	2503.0
Inner	1	0.0001	2503.0
sought	1	0.0001	2503.0
valued	1	0.0001	2503.0
Green	1	0.0001	2503.0
Mindgrub	1	0.0001	2503.0
Technologies	1	0.0001	2503.0
out-of-date	1	0.0001	2503.0
visitors	1	0.0001	2503.0
$50-$100k	1	0.0001	2503.0
split	1	0.0001	2503.0
takes	1	0.0001	2503.0
hasnt	1	0.0001	2503.0
terrible	1	0.0001	2503.0
80's	1	0.0001	2503.0
PR	1	0.0001	2503.0
branding	1	0.0001	2503.0
redesigning	1	0.0001	2503.0
refreshing	1	0.0001	2503.0
seemed	1	0.0001	2503.0
tip	1	0.0001	2503.0
decline	1	0.0001	2503.0
ghost	1	0.0001	2503.0
half	1	0.0001	2503.0
localih	1	0.0001	2503.0
bunch	1	0.0001	2503.0
fudgery	1	0.0001	2503.0
phillips	1	0.0001	2503.0
checked	1	0.0001	2503.0
walls	1	0.0001	2503.0
Biddle	1	0.0001	2503.0
Zone	1	0.0001	2503.0
fly	1	0.0001	2503.0
buddy	1	0.0001	2503.0
Hardrock	1	0.0001	2503.0
commercial	1	0.0001	2503.0
tank	1	0.0001	2503.0
favors	1	0.0001	2503.0
Johnny	1	0.0001	2503.0
Rockets	1	0.0001	2503.0
Five	1	0.0001	2503.0
$222	1	0.0001	2503.0
Ohhhh	1	0.0001	2503.0
round	1	0.0001	2503.0
touched	1	0.0001	2503.0
structures	1	0.0001	2503.0
demolishing	1	0.0001	2503.0
plausible	1	0.0001	2503.0
consultant	1	0.0001	2503.0
paid	1	0.0001	2503.0
star	1	0.0001	2503.0
rating	1	0.0001	2503.0
Fantastic	1	0.0001	2503.0
gaping	1	0.0001	2503.0
description	1	0.0001	2503.0
tub	1	0.0001	2503.0
pool/hot	1	0.0001	2503.0
nonchalantly	1	0.0001	2503.0
giggled	1	0.0001	2503.0
Redfin	1	0.0001	2503.0
perspective	1	0.0001	2503.0
Pittsburgh	1	0.0001	2503.0
225k	1	0.0001	2503.0
plural	1	0.0001	2503.0
Homes	1	0.0001	2503.0
Coffee	1	0.0001	2503.0
Ceremony	1	0.0001	2503.0
Local	1	0.0001	2503.0
Row	1	0.0001	2503.0
McHenry	1	0.0001	2503.0
Teeter	1	0.0001	2503.0
Harris	1	0.0001	2503.0
kiosk	1	0.0001	2503.0
Marketplace	1	0.0001	2503.0
Southside	1	0.0001	2503.0
Riverside's	1	0.0001	2503.0
standalone	1	0.0001	2503.0
roommate	1	0.0001	2503.0
pointing	1	0.0001	2503.0
icon	1	0.0001	2503.0
Philly	1	0.0001	2503.0
ideal	1	0.0001	2503.0
incubator	1	0.0001	2503.0
owner's	1	0.0001	2503.0
Getting	1	0.0001	2503.0
focal	1	0.0001	2503.0
BMI	1	0.0001	2503.0
farmer's	1	0.0001	2503.0
pop	1	0.0001	2503.0
seasonal	1	0.0001	2503.0
owns	1	0.0001	2503.0
Share	1	0.0001	2503.0
Fed	1	0.0001	2503.0
coworking	1	0.0001	2503.0
newly	1	0.0001	2503.0
Its	1	0.0001	2503.0
Mindpub	1	0.0001	2503.0
returning	1	0.0001	2503.0
#3	1	0.0001	2503.0
Lets	1	0.0001	2503.0
firm	1	0.0001	2503.0
photo	1	0.0001	2503.0
Asians/work	1	0.0001	2503.0
Food	1	0.0001	2503.0
existing	1	0.0001	2503.0
Bmore	1	0.0001	2503.0
Ultimately	1	0.0001	2503.0
antithesis	1	0.0001	2503.0
popular	1	0.0001	2503.0
heavily-commercialized	1	0.0001	2503.0
brick	1	0.0001	2503.0
Plenty	1	0.0001	2503.0
written	1	0.0001	2503.0
Jesus	1	0.0001	2503.0
christ	1	0.0001	2503.0
bothered	1	0.0001	2503.0
Crabtown	1	0.0001	2503.0
Glen	1	0.0001	2503.0
defense	1	0.0001	2503.0
self	1	0.0001	2503.0
snitching	1	0.0001	2503.0
royal	1	0.0001	2503.0
Burnie	1	0.0001	2503.0
olive	1	0.0001	2503.0
http://www.crab-towne.com/	1	0.0001	2503.0
enforces	1	0.0001	2503.0
hood	1	0.0001	2503.0
html	1	0.0001	2503.0
pops	1	0.0001	2503.0
source	1	0.0001	2503.0
livable	1	0.0001	2503.0
jungle-house	1	0.0001	2503.0
paraphernalia	1	0.0001	2503.0
metal	1	0.0001	2503.0
addicts	1	0.0001	2503.0
hot/humid	1	0.0001	2503.0
heated	1	0.0001	2503.0
opposite	1	0.0001	2503.0
1000	1	0.0001	2503.0
Greek	1	0.0001	2503.0
controversial	1	0.0001	2503.0
marks	1	0.0001	2503.0
busy	1	0.0001	2503.0
Funny	1	0.0001	2503.0
control	1	0.0001	2503.0
dog	1	0.0001	2503.0
SCHOOLS	1	0.0001	2503.0
arcade	1	0.0001	2503.0
fbclid=IwAR2r	1	0.0001	2503.0
https://www.reddit.com/r/baltimore/wiki/downtown](https://www.reddit.com/r/baltimore/wiki/downtown)	1	0.0001	2503.0
didn’t	1	0.0001	2503.0
funnier	1	0.0001	2503.0
Wild	1	0.0001	2503.0
mega	1	0.0001	2503.0
sell	1	0.0001	2503.0
$500k	1	0.0001	2503.0
https://www.nytimes.com/2016/01/31/nyregion/after-124-years-the-russian-and-turkish-baths-are-still-a-hot-spot.html	1	0.0001	2503.0
Wee-Bey	1	0.0001	2503.0
spelled	1	0.0001	2503.0
imgur	1	0.0001	2503.0
spa	1	0.0001	2503.0
skylight	1	0.0001	2503.0
humidity	1	0.0001	2503.0
leftovers	1	0.0001	2503.0
gardening	1	0.0001	2503.0
explains	1	0.0001	2503.0
plants/vines	1	0.0001	2503.0
_FBdvnf3yi14L4j4rj09FXCgOrVmfI	1	0.0001	2503.0
_qBCf8pIhErsMladAliMutvLs	1	0.0001	2503.0
fbclid=IwAR2r_FBdvnf3yi14L4j4rj09FXCgOrVmfI_qBCf8pIhErsMladAliMutvLs	1	0.0001	2503.0
maintenance	1	0.0001	2503.0
grease/bleachy	1	0.0001	2503.0
smell	1	0.0001	2503.0
zoned	1	0.0001	2503.0
piping	1	0.0001	2503.0
speculation	1	0.0001	2503.0
album	1	0.0001	2503.0
minor	1	0.0001	2503.0
bathroom/kitchen	1	0.0001	2503.0
technically	1	0.0001	2503.0
scaffolding	1	0.0001	2503.0
HVAC	1	0.0001	2503.0
recent	1	0.0001	2503.0
They’ve	1	0.0001	2503.0
kicking	1	0.0001	2503.0
rink	1	0.0001	2503.0
7	1	0.0001	2503.0
Address	1	0.0001	2503.0
title	1	0.0001	2503.0
$200k	1	0.0001	2503.0
assessed	1	0.0001	2503.0
assets	1	0.0001	2503.0
565k	1	0.0001	2503.0
Possibly	1	0.0001	2503.0
foreclosing	1	0.0001	2503.0
ate	1	0.0001	2503.0
bank	1	0.0001	2503.0
loan	1	0.0001	2503.0
tennis	1	0.0001	2503.0
forecloser	1	0.0001	2503.0
foreclosee	1	0.0001	2503.0
Search	1	0.0001	2503.0
tourist	1	0.0001	2503.0
attraction	1	0.0001	2503.0
showcases	1	0.0001	2503.0
caves	1	0.0001	2503.0
museums	1	0.0001	2503.0
subsequently	1	0.0001	2503.0
ice	1	0.0001	2503.0
rough	1	0.0001	2503.0
swimming	1	0.0001	2503.0
excerpt	1	0.0001	2503.0
summarize	1	0.0001	2503.0
mentions	1	0.0001	2503.0
Real	1	0.0001	2503.0
Property	1	0.0001	2503.0
timeline	1	0.0001	2503.0
coexist	1	0.0001	2503.0
wipes	1	0.0001	2503.0
strangeness	1	0.0001	2503.0
segregationists	1	0.0001	2503.0
advice	1	0.0001	2503.0
conservative	1	0.0001	2503.0
fiscal	1	0.0001	2503.0
anti-abortion	1	0.0001	2503.0
shouldn’t	1	0.0001	2503.0
instance	1	0.0001	2503.0
ARE	1	0.0001	2503.0
sitting	1	0.0001	2503.0
agenda-based	1	0.0001	2503.0
hyper-constructive	1	0.0001	2503.0
undermine	1	0.0001	2503.0
coalitions	1	0.0001	2503.0
divide	1	0.0001	2503.0
Abolish	1	0.0001	2503.0
May	1	0.0001	2503.0
fells	1	0.0001	2503.0
woody	1	0.0001	2503.0
harrelson	1	0.0001	2503.0
https://www.baltimoremagazine.com/2014/3/10/actor-woody-harrelson-buys-a-local-inn)	1	0.0001	2503.0
closed	1	0.0001	2503.0
2014	1	0.0001	2503.0
financial	1	0.0001	2503.0
adding	1	0.0001	2503.0
struggles	1	0.0001	2503.0
technicalities	1	0.0001	2503.0
flight	1	0.0001	2503.0
alone	1	0.0001	2503.0
We'll	1	0.0001	2503.0
32/f	1	0.0001	2503.0
upper	1	0.0001	2503.0
pond	1	0.0001	2503.0
CPS	1	0.0001	2503.0
59	1	0.0001	2503.0
I'd	1	0.0001	2503.0
operate	1	0.0001	2503.0
church	1	0.0001	2503.0
interact	1	0.0001	2503.0
girlfriends	1	0.0001	2503.0
complexes	1	0.0001	2503.0
mortgages	1	0.0001	2503.0
factory	1	0.0001	2503.0
addresses	1	0.0001	2503.0
THEY	1	0.0001	2503.0
helping	1	0.0001	2503.0
middlemen	1	0.0001	2503.0
breakins	1	0.0001	2503.0
venue	1	0.0001	2503.0
club	1	0.0001	2503.0
occur	1	0.0001	2503.0
bun	1	0.0001	2503.0
corners	1	0.0001	2503.0
triangulating	1	0.0001	2503.0
fleeing	1	0.0001	2503.0
moments	1	0.0001	2503.0
occurred	1	0.0001	2503.0
chase	1	0.0001	2503.0
apprehension	1	0.0001	2503.0
referencing	1	0.0001	2503.0
&nbsp;	1	0.0001	2503.0
relax	1	0.0001	2503.0
Evidence	1	0.0001	2503.0
backtracks	1	0.0001	2503.0
businesses	1	0.0001	2503.0
comforting	1	0.0001	2503.0
pawn	1	0.0001	2503.0
carjacking	1	0.0001	2503.0
CITIWatch	1	0.0001	2503.0
cameras	1	0.0001	2503.0
plates	1	0.0001	2503.0
civilians	1	0.0001	2503.0
detailing	1	0.0001	2503.0
Now	1	0.0001	2503.0
headlines	1	0.0001	2503.0
justice	1	0.0001	2503.0
325	1	0.0001	2503.0
HUNDREDS	1	0.0001	2503.0
Saturday	1	0.0001	2503.0
armed	1	0.0001	2503.0
robberies	1	0.0001	2503.0
muggings	1	0.0001	2503.0
escape	1	0.0001	2503.0
buying	1	0.0001	2503.0
charges	1	0.0001	2503.0
responsible	1	0.0001	2503.0
coordinate	1	0.0001	2503.0
DOZENS	1	0.0001	2503.0
dealers	1	0.0001	2503.0
track	1	0.0001	2503.0
learn	1	0.0001	2503.0
google	1	0.0001	2503.0
maps	1	0.0001	2503.0
parked	1	0.0001	2503.0
rooms	1	0.0001	2503.0
activities	1	0.0001	2503.0
tracked	1	0.0001	2503.0
arrests	1	0.0001	2503.0
perpetrators	1	0.0001	2503.0
clue	1	0.0001	2503.0
contacts	1	0.0001	2503.0
hiding	1	0.0001	2503.0
stash	1	0.0001	2503.0
organize	1	0.0001	2503.0
overhead	1	0.0001	2503.0
Love	1	0.0001	2503.0
discovered	1	0.0001	2503.0
Go	1	0.0001	2503.0
Day	1	0.0001	2503.0
Drinking	1	0.0001	2503.0
4.0	1	0.0001	2503.0
train	1	0.0001	2503.0
wandered	1	0.0001	2503.0
Let’s	1	0.0001	2503.0
clarifying	1	0.0001	2503.0
Ft	1	0.0001	2503.0
Mchenry	1	0.0001	2503.0
sometimes	1	0.0001	2503.0
Barnes	1	0.0001	2503.0
Nobles	1	0.0001	2503.0
laughing	1	0.0001	2503.0
Ouch	1	0.0001	2503.0
Glad	1	0.0001	2503.0
peeled	1	0.0001	2503.0
Keep	1	0.0001	2503.0
Washington	1	0.0001	2503.0
$116,000	1	0.0001	2503.0
$89,000	1	0.0001	2503.0
Carlmichael	1	0.0001	2503.0
Stokey	1	0.0001	2503.0
Cannady	1	0.0001	2503.0
eyes	1	0.0001	2503.0
$36,000	1	0.0001	2503.0
$22,000	1	0.0001	2503.0
raised	1	0.0001	2503.0
Rt	1	0.0001	2503.0
Plaza	1	0.0001	2503.0
Heck	1	0.0001	2503.0
dude	1	0.0001	2503.0
Smith	1	0.0001	2503.0
conference	1	0.0001	2503.0
$1,700/no	1	0.0001	2503.0
dumb	1	0.0001	2503.0
Blah	1	0.0001	2503.0
placated	1	0.0001	2503.0
hearing	1	0.0001	2503.0
explained	1	0.0001	2503.0
excruciatingly	1	0.0001	2503.0
detail	1	0.0001	2503.0
Another	1	0.0001	2503.0
monitoring	1	0.0001	2503.0
ability	1	0.0001	2503.0
DVR	1	0.0001	2503.0
ridiculously	1	0.0001	2503.0
presumably	1	0.0001	2503.0
commits	1	0.0001	2503.0
Criminals	1	0.0001	2503.0
stress	1	0.0001	2503.0
bedrooms	1	0.0001	2503.0
surely	1	0.0001	2503.0
sub	1	0.0001	2503.0
Truly	1	0.0001	2503.0
wasted	1	0.0001	2503.0
opportunity	1	0.0001	2503.0
shine	1	0.0001	2503.0
9	1	0.0001	2503.0
design	1	0.0001	2503.0
sale	1	0.0001	2503.0
Avenue	1	0.0001	2503.0
Northeast	1	0.0001	2503.0
locally	1	0.0001	2503.0
home's	1	0.0001	2503.0
100K	1	0.0001	2503.0
shake	1	0.0001	2503.0
toosh	1	0.0001	2503.0
2025	1	0.0001	2503.0
$430,000	1	0.0001	2503.0
CNN	1	0.0001	2503.0
MSNBC	1	0.0001	2503.0
12-foot	1	0.0001	2503.0
economics	1	0.0001	2503.0
waste	1	0.0001	2503.0
miserable	1	0.0001	2503.0
’	1	0.0001	2503.0
‘	1	0.0001	2503.0
ALWAY	1	0.0001	2503.0
Pub	1	0.0001	2503.0
Irish	1	0.0001	2503.0
Brewerys	1	0.0001	2503.0
Bottom	1	0.0001	2503.0
Dicks	1	0.0001	2503.0
Dirty	1	0.0001	2503.0
Charolette	1	0.0001	2503.0
Dallas	1	0.0001	2503.0
Atlanta	1	0.0001	2503.0
Indianapolis	1	0.0001	2503.0
historically	1	0.0001	2503.0
up/hard	1	0.0001	2503.0
overhang	1	0.0001	2503.0
you’d	1	0.0001	2503.0
deepest	1	0.0001	2503.0
divable	1	0.0001	2503.0
comfortably	1	0.0001	2503.0
12-13	1	0.0001	2503.0
mistake	1	0.0001	2503.0
cites	1	0.0001	2503.0
bullshit	1	0.0001	2503.0
convention	1	0.0001	2503.0
overly	1	0.0001	2503.0
generic	1	0.0001	2503.0
imbecile	1	0.0001	2503.0
Yo	1	0.0001	2503.0
Marginally	1	0.0001	2503.0
subject	1	0.0001	2503.0
Gatsby's	1	0.0001	2503.0
Crown	1	0.0001	2503.0
clubs	1	0.0001	2503.0
unprotected	1	0.0001	2503.0
hand	1	0.0001	2503.0
coexisting	1	0.0001	2503.0
they've	1	0.0001	2503.0
footnote	1	0.0001	2503.0
1-3	1	0.0001	2503.0
equal	1	0.0001	2503.0
implicitly	1	0.0001	2503.0
4-5	1	0.0001	2503.0
explain	1	0.0001	2503.0
otherwise	1	0.0001	2503.0
explicitly	1	0.0001	2503.0
Conservative	1	0.0001	2503.0
expressed	1	0.0001	2503.0
we're	1	0.0001	2503.0
upkeep	1	0.0001	2503.0
bars	1	0.0001	2503.0
throwing	1	0.0001	2503.0
creates	1	0.0001	2503.0
axe	1	0.0001	2503.0
providing	1	0.0001	2503.0
ranked	1	0.0001	2503.0
protection	1	0.0001	2503.0
standpoint	1	0.0001	2503.0
barcade	1	0.0001	2503.0
created	1	0.0001	2503.0
protected	1	0.0001	2503.0
cyclist	1	0.0001	2503.0
chose	1	0.0001	2503.0
cyclist's	1	0.0001	2503.0
95	1	0.0001	2503.0
active	1	0.0001	2503.0
fb	1	0.0001	2503.0
highly	1	0.0001	2503.0
launder	1	0.0001	2503.0
Solar	1	0.0001	2503.0
https://www.bizjournals.com/baltimore/print-edition/2011/01/21/omalley-backs-mds-solar-power-water.html)	1	0.0001	2503.0
supervisor	1	0.0001	2503.0
minimal	1	0.0001	2503.0
collateral	1	0.0001	2503.0
supervision	1	0.0001	2503.0
Once	1	0.0001	2503.0
raked	1	0.0001	2503.0
coals	1	0.0001	2503.0
per	1	0.0001	2503.0
2-3	1	0.0001	2503.0
Can	1	0.0001	2503.0
Actually	1	0.0001	2503.0
safely	1	0.0001	2503.0
axes	1	0.0001	2503.0
targets	1	0.0001	2503.0
NYT	1	0.0001	2503.0
worldwide	1	0.0001	2503.0
dries	1	0.0001	2503.0
criminals	1	0.0001	2503.0
knowing	1	0.0001	2503.0
groundbreaking	1	0.0001	2503.0
Caroline	1	0.0001	2503.0
adoption	1	0.0001	2503.0
appealed	1	0.0001	2503.0
2020	1	0.0001	2503.0
standards	1	0.0001	2503.0
stuck	1	0.0001	2503.0
1980's/90's	1	0.0001	2503.0
belonged	1	0.0001	2503.0
internet	1	0.0001	2503.0
FOX	1	0.0001	2503.0
dive	1	0.0001	2503.0
Huh	1	0.0001	2503.0
overtaxed	1	0.0001	2503.0
https://www.reddit.com/r/baltimore/comments/ep8dox/charm_city_kings_official_teaser_trailer_from/	1	0.0001	2503.0
DO	1	0.0001	2503.0
noticed	1	0.0001	2503.0
rare	1	0.0001	2503.0
Previously	1	0.0001	2503.0
service	1	0.0001	2503.0
Nick's	1	0.0001	2503.0
heavily	1	0.0001	2503.0
Look	1	0.0001	2503.0
queer	1	0.0001	2503.0
hikes	1	0.0001	2503.0
they’re	1	0.0001	2503.0
meetup	1	0.0001	2503.0
desolate	1	0.0001	2503.0
height	1	0.0001	2503.0
reduce	1	0.0001	2503.0
pollinators	1	0.0001	2503.0
fresh	1	0.0001	2503.0
produce	1	0.0001	2503.0
items	1	0.0001	2503.0
what's	1	0.0001	2503.0
pt	1	0.0001	2503.0
discovery	1	0.0001	2503.0
allow	1	0.0001	2503.0
Perhaps	1	0.0001	2503.0
unsavory	1	0.0001	2503.0
happenrd	1	0.0001	2503.0
razing	1	0.0001	2503.0
largely	1	0.0001	2503.0
Turn	1	0.0001	2503.0
natural	1	0.0001	2503.0
ain't	1	0.0001	2503.0
$840,000	1	0.0001	2503.0
Vignarajah	1	0.0001	2503.0
$960,000	1	0.0001	2503.0
cooled	1	0.0001	2503.0
Prices	1	0.0001	2503.0
admission	1	0.0001	2503.0
boundary	1	0.0001	2503.0
outcome	1	0.0001	2503.0
reviews	1	0.0001	2503.0
pirates	1	0.0001	2503.0
Canton/Patterson	1	0.0001	2503.0
jazz-age	1	0.0001	2503.0
yesterday	1	0.0001	2503.0
Posted	1	0.0001	2503.0
starbucks	1	0.0001	2503.0
Truth	1	0.0001	2503.0
Greenmount	1	0.0001	2503.0
wastrels	1	0.0001	2503.0
checkout	1	0.0001	2503.0
r/Baltimore	1	0.0001	2503.0
yuppies	1	0.0001	2503.0
distance	1	0.0001	2503.0
meant	1	0.0001	2503.0
film	1	0.0001	2503.0
fest	1	0.0001	2503.0
seas	1	0.0001	2503.0
tremendously	1	0.0001	2503.0
movies	1	0.0001	2503.0
microbrew	1	0.0001	2503.0
golden	1	0.0001	2503.0
Open	1	0.0001	2503.0
dispensary	1	0.0001	2503.0
Investors	1	0.0001	2503.0
swim	1	0.0001	2503.0
foofy	1	0.0001	2503.0
18	1	0.0001	2503.0
u/szcientist	1	0.0001	2503.0
bang	1	0.0001	2503.0
Butchers	1	0.0001	2503.0
rarely	1	0.0001	2503.0
sisters	1	0.0001	2503.0
teachers	1	0.0001	2503.0
echoed	1	0.0001	2503.0
supposedly	1	0.0001	2503.0
pit	1	0.0001	2503.0
heard	1	0.0001	2503.0
haven't	1	0.0001	2503.0
$1K	1	0.0001	2503.0
Goucher	1	0.0001	2503.0
Rolling	1	0.0001	2503.0
responding	1	0.0001	2503.0
advocating	1	0.0001	2503.0
Other	1	0.0001	2503.0
codes	1	0.0001	2503.0
question	1	0.0001	2503.0
function	1	0.0001	2503.0
buck	1	0.0001	2503.0
luck	1	0.0001	2503.0
w	1	0.0001	2503.0
Epstein	1	0.0001	2503.0
vibes	1	0.0001	2503.0
gutted	1	0.0001	2503.0
mechanical	1	0.0001	2503.0
architect	1	0.0001	2503.0
plans	1	0.0001	2503.0
undo	1	0.0001	2503.0
functionally	1	0.0001	2503.0
shell	1	0.0001	2503.0
twelve	1	0.0001	2503.0
foot	1	0.0001	2503.0
draw	1	0.0001	2503.0
zip	1	0.0001	2503.0
Belvedere	1	0.0001	2503.0
R-House	1	0.0001	2503.0
rise	1	0.0001	2503.0
attributed	1	0.0001	2503.0
slowly	1	0.0001	2503.0
slumping	1	0.0001	2503.0
meteor	1	0.0001	2503.0
crater	1	0.0001	2503.0
sea	1	0.0001	2503.0
vengeance	1	0.0001	2503.0
expert	1	0.0001	2503.0
16th	1	0.0001	2503.0
enternal	1	0.0001	2503.0
JHU/Charles	1	0.0001	2503.0
writer	1	0.0001	2503.0
launched	1	0.0001	2503.0
geological	1	0.0001	2503.0
independent	1	0.0001	2503.0
measurable	1	0.0001	2503.0
fantastically	1	0.0001	2503.0
group	1	0.0001	2503.0
manager	1	0.0001	2503.0
portfolio	1	0.0001	2503.0
Michael-Jordan-in-Space-Jam	1	0.0001	2503.0
reaching	1	0.0001	2503.0
saved	1	0.0001	2503.0
https://www.baltimoresun.com/news/crime/bs-md-ci-cr-gttf-officer-charged-20200115-m3gf7nfx5venzlmyxj7duqxbjm-story.html	1	0.0001	2503.0
descendants	1	0.0001	2503.0
renovations	1	0.0001	2503.0
tenants	1	0.0001	2503.0
beer	1	0.0001	2503.0
craft	1	0.0001	2503.0
beers	1	0.0001	2503.0
outdoor	1	0.0001	2503.0
creative	1	0.0001	2503.0
abolishing	1	0.0001	2503.0
drowned	1	0.0001	2503.0
Our	1	0.0001	2503.0
Instagram	1	0.0001	2503.0
https://www.instagram.com/walshtrivia/](https://www.instagram.com/walshtrivia/)	1	0.0001	2503.0
hoping	1	0.0001	2503.0
tactical	1	0.0001	2503.0
nuke	1	0.0001	2503.0
noted	1	0.0001	2503.0
https://www.facebook.com/WalshTriviaThursday/](https://www.facebook.com/WalshTriviaThursday/)	1	0.0001	2503.0
directly	1	0.0001	2503.0
Department	1	0.0001	2503.0
Education	1	0.0001	2503.0
Quarters	1	0.0001	2503.0
solution's	1	0.0001	2503.0
inner-harbor	1	0.0001	2503.0
version	1	0.0001	2503.0
State	1	0.0001	2503.0
Thursdays	1	0.0001	2503.0
😉	1	0.0001	2503.0
placing	1	0.0001	2503.0
57	1	0.0001	2503.0
total	1	0.0001	2503.0
booze	1	0.0001	2503.0
ages	1	0.0001	2503.0
genders	1	0.0001	2503.0
Questions	1	0.0001	2503.0
jazz-cigarettes	1	0.0001	2503.0
stumping	1	0.0001	2503.0
wire	1	0.0001	2503.0
tonight	1	0.0001	2503.0
7:30pm	1	0.0001	2503.0
fun	1	0.0001	2503.0
prizes	1	0.0001	2503.0
winning	1	0.0001	2503.0
gimmes	1	0.0001	2503.0
entirely	1	0.0001	2503.0
Save	1	0.0001	2503.0
Came	1	0.0001	2503.0
ninety	1	0.0001	2503.0
eight	1	0.0001	2503.0
Undertaker	1	0.0001	2503.0
threw	1	0.0001	2503.0
Mankind	1	0.0001	2503.0
cell	1	0.0001	2503.0
nineteen	1	0.0001	2503.0
plummeted	1	0.0001	2503.0
announcer’s	1	0.0001	2503.0
surprised	1	0.0001	2503.0
push	1	0.0001	2503.0
extend/link	1	0.0001	2503.0
rash	1	0.0001	2503.0
field	1	0.0001	2503.0
sixteen	1	0.0001	2503.0
park/commercial	1	0.0001	2503.0
notably	1	0.0001	2503.0
practice	1	0.0001	2503.0
trapped	1	0.0001	2503.0
Eden	1	0.0001	2503.0
O's	1	0.0001	2503.0
roofs	1	0.0001	2503.0
https://baltimore.cbslocal.com/2019/08/06/maryland-weather-baltimore-streets-flooding-crews-swamped-with-calls/?_gl=1*14twhbt*_ga*aGdoTlR3cm5UMVlYbUZNS1JvTzZ4RnVQZl9RT0oxQmZ4T0NDZC1lc3dUNnRLZ3BCREdDN1FhOTBCd1Y1YWIwMw	1	0.0001	2503.0
smells	1	0.0001	2503.0
passed	1	0.0001	2503.0
deleted	1	0.0001	2503.0
founder	1	0.0001	2503.0
Queer	1	0.0001	2503.0
Sports	1	0.0001	2503.0
She	1	0.0001	2503.0
William	1	0.0001	2503.0
Calaway	1	0.0001	2503.0
massive	1	0.0001	2503.0
ended	1	0.0001	2503.0
stalled	1	0.0001	2503.0
six	1	0.0001	2503.0
keeps	1	0.0001	2503.0
untapped	1	0.0001	2503.0
legislation	1	0.0001	2503.0
vacant	1	0.0001	2503.0
dilapidated	1	0.0001	2503.0
raze	1	0.0001	2503.0
everyone	1	0.0001	2503.0
causing	1	0.0001	2503.0
homeowner's	1	0.0001	2503.0
tax	1	0.0001	2503.0
assessment	1	0.0001	2503.0
ownership	1	0.0001	2503.0
changes	1	0.0001	2503.0
trust	1	0.0001	2503.0
adjacent	1	0.0001	2503.0
dumped	1	0.0001	2503.0
dammit	1	0.0001	2503.0
firm,and	1	0.0001	2503.0
inches	1	0.0001	2503.0
rain	1	0.0001	2503.0
Kinda	1	0.0001	2503.0
religious	1	0.0001	2503.0
ritual	1	0.0001	2503.0
Jews	1	0.0001	2503.0
setup	1	0.0001	2503.0
proposed	1	0.0001	2503.0
https://www.washingtonpost.com/local/what-is-the-mikvah-all-about/2014/11/07/cdff0784-6696-11e4-836c-83bc4f26eb67_story.html)	1	0.0001	2503.0
partially	1	0.0001	2503.0
responses	1	0.0001	2503.0
Earthships	1	0.0001	2503.0
ftw	1	0.0001	2503.0
excited	1	0.0001	2503.0
synagogue	1	0.0001	2503.0
homeless	1	0.0001	2503.0
flooding	1	0.0001	2503.0
lit	1	0.0001	2503.0
fraud	1	0.0001	2503.0
abuse	1	0.0001	2503.0
become	1	0.0001	2503.0
politically	1	0.0001	2503.0
polarized	1	0.0001	2503.0
cognitive	1	0.0001	2503.0
enable	1	0.0001	2503.0
dissonance	1	0.0001	2503.0
no-one	1	0.0001	2503.0
likes	1	0.0001	2503.0
y'all	1	0.0001	2503.0
mad	1	0.0001	2503.0
XD	1	0.0001	2503.0
Rent	1	0.0001	2503.0
selection	1	0.0001	2503.0
deeper	1	0.0001	2503.0
rule	1	0.0001	2503.0
demands	1	0.0001	2503.0
cat	1	0.0001	2503.0
it'll	1	0.0001	2503.0
productive	1	0.0001	2503.0
define	1	0.0001	2503.0
ironically	1	0.0001	2503.0
CEOs	1	0.0001	2503.0
Therefore	1	0.0001	2503.0
bummed	1	0.0001	2503.0
outrage	1	0.0001	2503.0
Running	1	0.0001	2503.0
voter's	1	0.0001	2503.0
blaming	1	0.0001	2503.0
insignificant	1	0.0001	2503.0
Translation	1	0.0001	2503.0
protest	1	0.0001	2503.0
LED's	1	0.0001	2503.0
tjose	1	0.0001	2503.0
100k	1	0.0001	2503.0
perpetrator	1	0.0001	2503.0
located	1	0.0001	2503.0
infinitely	1	0.0001	2503.0
State's	1	0.0001	2503.0
Attourny's	1	0.0001	2503.0
prosecutors	1	0.0001	2503.0
unilaterally	1	0.0001	2503.0
realized	1	0.0001	2503.0
systematic	1	0.0001	2503.0
voter	1	0.0001	2503.0
Bizarre	1	0.0001	2503.0
paint	1	0.0001	2503.0
renovate	1	0.0001	2503.0
spaces	1	0.0001	2503.0
typed	1	0.0001	2503.0
platforms	1	0.0001	2503.0
send	1	0.0001	2503.0
harder	1	0.0001	2503.0
willing	1	0.0001	2503.0
benders	1	0.0001	2503.0
totally	1	0.0001	2503.0
50	1	0.0001	2503.0
begging	1	0.0001	2503.0
latter	1	0.0001	2503.0
leaves	1	0.0001	2503.0
oversee	1	0.0001	2503.0
detectives	1	0.0001	2503.0
auditable	1	0.0001	2503.0
employees	1	0.0001	2503.0
provide	1	0.0001	2503.0
ground-truth	1	0.0001	2503.0
exponentially	1	0.0001	2503.0
audit	1	0.0001	2503.0
Beyond	1	0.0001	2503.0
solve	1	0.0001	2503.0
$800	1	0.0001	2503.0
window	1	0.0001	2503.0
23	1	0.0001	2503.0
choose	1	0.0001	2503.0
Miller	1	0.0001	2503.0
Lite	1	0.0001	2503.0
pewter-colored	1	0.0001	2503.0
False	1	0.0001	2503.0
unusual	1	0.0001	2503.0
models	1	0.0001	2503.0
https://i.imgur.com/R390EId.jpg](https://i.imgur.com/R390EId.jpg)	1	0.0001	2503.0
patrol	1	0.0001	2503.0
26th	1	0.0001	2503.0
roomate	1	0.0001	2503.0
School	1	0.0001	2503.0
Volvo	1	0.0001	2503.0
High	1	0.0001	2503.0
Sheesh	1	0.0001	2503.0
Arizona	1	0.0001	2503.0
bored	1	0.0001	2503.0
depressed	1	0.0001	2503.0
IN	1	0.0001	2503.0
Lock	1	0.0001	2503.0
sucker	1	0.0001	2503.0
Found	1	0.0001	2503.0
Fucking	1	0.0001	2503.0
professors	1	0.0001	2503.0
students	1	0.0001	2503.0
med	1	0.0001	2503.0
divided	1	0.0001	2503.0
wholly	1	0.0001	2503.0
Centennial	1	0.0001	2503.0
Join	1	0.0001	2503.0
wagon	1	0.0001	2503.0
visor	1	0.0001	2503.0
boyfriend	1	0.0001	2503.0
story	1	0.0001	2503.0
confusing	1	0.0001	2503.0
$725/mo	1	0.0001	2503.0
deceased	1	0.0001	2503.0
safety	1	0.0001	2503.0
descending	1	0.0001	2503.0
rank	1	0.0001	2503.0
argue	1	0.0001	2503.0
kak	1	0.0001	2503.0
sister	1	0.0001	2503.0
$25	1	0.0001	2503.0
haven’t	1	0.0001	2503.0
By	1	0.0001	2503.0
sun	1	0.0001	2503.0
Woo	1	0.0001	2503.0
bowling	1	0.0001	2503.0
duckpin	1	0.0001	2503.0
typical	1	0.0001	2503.0
sits	1	0.0001	2503.0
surroundings	1	0.0001	2503.0
u/mrclap	1	0.0001	2503.0
competence	1	0.0001	2503.0
seized	1	0.0001	2503.0
departments	1	0.0001	2503.0
large	1	0.0001	2503.0
doubtful	1	0.0001	2503.0
speed	1	0.0001	2503.0
careful	1	0.0001	2503.0
They’re	1	0.0001	2503.0
thoughtless	1	0.0001	2503.0
noting	1	0.0001	2503.0
Jk	1	0.0001	2503.0
imagining	1	0.0001	2503.0
Feel	1	0.0001	2503.0
Byrd	1	0.0001	2503.0
Catalina	1	0.0001	2503.0
enjoying	1	0.0001	2503.0
churches	1	0.0001	2503.0
karaoke	1	0.0001	2503.0
independant	1	0.0001	2503.0
Mart	1	0.0001	2503.0
H	1	0.0001	2503.0
supermarkets	1	0.0001	2503.0
Nothing	1	0.0001	2503.0
korean	1	0.0001	2503.0
county	1	0.0001	2503.0
dismissed	1	0.0001	2503.0
opportunities	1	0.0001	2503.0
3:30	1	0.0001	2503.0
envision	1	0.0001	2503.0
negotiations	1	0.0001	2503.0
results	1	0.0001	2503.0
courtroom	1	0.0001	2503.0
principles	1	0.0001	2503.0
strong	1	0.0001	2503.0
conceded	1	0.0001	2503.0
Can't	1	0.0001	2503.0
$20	1	0.0001	2503.0
negotiate	1	0.0001	2503.0
position	1	0.0001	2503.0
among	1	0.0001	2503.0
therefore	1	0.0001	2503.0
assertion	1	0.0001	2503.0
plz	1	0.0001	2503.0
nationalities	1	0.0001	2503.0
announcement	1	0.0001	2503.0
Wow	1	0.0001	2503.0
grown	1	0.0001	2503.0
primarily	1	0.0001	2503.0
spare	1	0.0001	2503.0
County/Ellicott	1	0.0001	2503.0
Obsessed	1	0.0001	2503.0
visibility	1	0.0001	2503.0
spirit	1	0.0001	2503.0
entrepreneurial	1	0.0001	2503.0
We’ll	1	0.0001	2503.0
squeeze	1	0.0001	2503.0
reaches	1	0.0001	2503.0
occasional	1	0.0001	2503.0
Clarks	1	0.0001	2503.0
ik	1	0.0001	2503.0
fallen	1	0.0001	2503.0
Annandale	1	0.0001	2503.0
VA	1	0.0001	2503.0
Live	1	0.0001	2503.0
bay	1	0.0001	2503.0
frequently	1	0.0001	2503.0
layer	1	0.0001	2503.0
marine	1	0.0001	2503.0
Luminary	1	0.0001	2503.0
delusional	1	0.0001	2503.0
tied	1	0.0001	2503.0
affiliation	1	0.0001	2503.0
helps	1	0.0001	2503.0
energized	1	0.0001	2503.0
tweets	1	0.0001	2503.0
Although	1	0.0001	2503.0
baltimroe	1	0.0001	2503.0
begin	1	0.0001	2503.0
confirmed	1	0.0001	2503.0
wide	1	0.0001	2503.0
wind	1	0.0001	2503.0
advection	1	0.0001	2503.0
condenses	1	0.0001	2503.0
Rights	1	0.0001	2503.0
cooler	1	0.0001	2503.0
flows	1	0.0001	2503.0
moist	1	0.0001	2503.0
Literary	1	0.0001	2503.0
forms	1	0.0001	2503.0
Award	1	0.0001	2503.0
Kondwani's	1	0.0001	2503.0
mustang	1	0.0001	2503.0
Negative	1	0.0001	2503.0
collections	1	0.0001	2503.0
Civil	1	0.0001	2503.0
Jack	1	0.0001	2503.0
Steala	1	0.0001	2503.0
supported	1	0.0001	2503.0
Trenches	1	0.0001	2503.0
boycott	1	0.0001	2503.0
Amazing	1	0.0001	2503.0
desert	1	0.0001	2503.0
traditional	1	0.0001	2503.0
cyclists	1	0.0001	2503.0
gravitate	1	0.0001	2503.0
Raw	1	0.0001	2503.0
NoVa	1	0.0001	2503.0
Annendale	1	0.0001	2503.0
concentration	1	0.0001	2503.0
Wounds	1	0.0001	2503.0
Hummingbirds	1	0.0001	2503.0
sooner	1	0.0001	2503.0
cooling	1	0.0001	2503.0
condensation	1	0.0001	2503.0
Sadly	1	0.0001	2503.0
pissed	1	0.0001	2503.0
mother	1	0.0001	2503.0
grass	1	0.0001	2503.0
citizens	1	0.0001	2503.0
senior	1	0.0001	2503.0
tossing	1	0.0001	2503.0
https://www.reddit.com/r/maryland/comments/eok9ty/police_take_76yearold_woman_to_ground_to_arrest/	1	0.0001	2503.0
r/maryland	1	0.0001	2503.0
Discussion	1	0.0001	2503.0
stopped	1	0.0001	2503.0
F150	1	0.0001	2503.0
AA	1	0.0001	2503.0
artist	1	0.0001	2503.0
Winner	1	0.0001	2503.0
@KondwaniFidel	1	0.0001	2503.0
decisions	1	0.0001	2503.0
tough	1	0.0001	2503.0
@walters_museum	1	0.0001	2503.0
1/16	1	0.0001	2503.0
reading	1	0.0001	2503.0
discussion,and	1	0.0001	2503.0
depending	1	0.0001	2503.0
book	1	0.0001	2503.0
extensive	1	0.0001	2503.0
signing	1	0.0001	2503.0
transportation	1	0.0001	2503.0
marina	1	0.0001	2503.0
warmth	1	0.0001	2503.0
https://thewalters.org/event/kondwani-fidel/)	1	0.0001	2503.0
joins	1	0.0001	2503.0
Mountain	1	0.0001	2503.0
Spring	1	0.0001	2503.0
Strip	1	0.0001	2503.0
Towson	1	0.0001	2503.0
repeat	1	0.0001	2503.0
Post-Exposure	1	0.0001	2503.0
Prophylaxis	1	0.0001	2503.0
medication	1	0.0001	2503.0
clicks	1	0.0001	2503.0
discover	1	0.0001	2503.0
prohibitively	1	0.0001	2503.0
$5,000	1	0.0001	2503.0
cheap	1	0.0001	2503.0
depress	1	0.0001	2503.0
Little	1	0.0001	2503.0
suppose	1	0.0001	2503.0
particular	1	0.0001	2503.0
Cockeysville	1	0.0001	2503.0
effectiveness	1	0.0001	2503.0
install	1	0.0001	2503.0
pedestrians	1	0.0001	2503.0
clogged	1	0.0001	2503.0
separated	1	0.0001	2503.0
pharmacy	1	0.0001	2503.0
ridden	1	0.0001	2503.0
filled	1	0.0001	2503.0
pharmacies	1	0.0001	2503.0
carry	1	0.0001	2503.0
medications	1	0.0001	2503.0
Half-life	1	0.0001	2503.0
Since	1	0.0001	2503.0
key	1	0.0001	2503.0
Second	1	0.0001	2503.0
finding	1	0.0001	2503.0
Hunt	1	0.0001	2503.0
Valley	1	0.0001	2503.0
yup	1	0.0001	2503.0
Vegas	1	0.0001	2503.0
Las	1	0.0001	2503.0
exposure	1	0.0001	2503.0
https://www.cdc.gov/hiv/basics/pep.html).	1	0.0001	2503.0
trouble	1	0.0001	2503.0
dinner	1	0.0001	2503.0
convincing	1	0.0001	2503.0
cats	1	0.0001	2503.0
trucks	1	0.0001	2503.0
ER	1	0.0001	2503.0
timely	1	0.0001	2503.0
fashion	1	0.0001	2503.0
contractor	1	0.0001	2503.0
manner	1	0.0001	2503.0
abiding	1	0.0001	2503.0
drove	1	0.0001	2503.0
laws	1	0.0001	2503.0
MDTA	1	0.0001	2503.0
supply	1	0.0001	2503.0
unmarked	1	0.0001	2503.0
dark	1	0.0001	2503.0
month's	1	0.0001	2503.0
afford	1	0.0001	2503.0
masked	1	0.0001	2503.0
assuming	1	0.0001	2503.0
First	1	0.0001	2503.0
speeding	1	0.0001	2503.0
Patient	1	0.0001	2503.0
wasting	1	0.0001	2503.0
BPD	1	0.0001	2503.0
enforced	1	0.0001	2503.0
Likewise	1	0.0001	2503.0
society	1	0.0001	2503.0
electric	1	0.0001	2503.0
bureaucracy	1	0.0001	2503.0
talks	1	0.0001	2503.0
Ever	1	0.0001	2503.0
himself	1	0.0001	2503.0
Dave	1	0.0001	2503.0
fiancee	1	0.0001	2503.0
Filipina	1	0.0001	2503.0
worship	1	0.0001	2503.0
stores	1	0.0001	2503.0
Rte	1	0.0001	2503.0
ideals	1	0.0001	2503.0
demographics	1	0.0001	2503.0
speak	1	0.0001	2503.0
Baltimore/Federal	1	0.0001	2503.0
South	1	0.0001	2503.0
asshole	1	0.0001	2503.0
Fells/Canton	1	0.0001	2503.0
congregate	1	0.0001	2503.0
Twenty-somethings	1	0.0001	2503.0
referring	1	0.0001	2503.0
hang	1	0.0001	2503.0
homogenous	1	0.0001	2503.0
simplest	1	0.0001	2503.0
Mixed	1	0.0001	2503.0
females	1	0.0001	2503.0
important	1	0.0001	2503.0
access	1	0.0001	2503.0
bus	1	0.0001	2503.0
accessible	1	0.0001	2503.0
Technically	1	0.0001	2503.0
User	1	0.0001	2503.0
oppressed	1	0.0001	2503.0
HMarts	1	0.0001	2503.0
female	1	0.0001	2503.0
racist	1	0.0001	2503.0
liquor	1	0.0001	2503.0
nearest	1	0.0001	2503.0
Laos	1	0.0001	2503.0
Burma	1	0.0001	2503.0
Costco	1	0.0001	2503.0
Elkridge	1	0.0001	2503.0
sardonic	1	0.0001	2503.0
appreciate	1	0.0001	2503.0
United	1	0.0001	2503.0
Nations	1	0.0001	2503.0
Totally	1	0.0001	2503.0
watched	1	0.0001	2503.0
stood	1	0.0001	2503.0
reply	1	0.0001	2503.0
scholarly	1	0.0001	2503.0
not-English	1	0.0001	2503.0
English	1	0.0001	2503.0
minds	1	0.0001	2503.0
regards	1	0.0001	2503.0
seriousness	1	0.0001	2503.0
applicable	1	0.0001	2503.0
reference	1	0.0001	2503.0
Deep	1	0.0001	2503.0
Cheers	1	0.0001	2503.0
inquisitive	1	0.0001	2503.0
ole	1	0.0001	2503.0
Odds	1	0.0001	2503.0
boy	1	0.0001	2503.0
thinks	1	0.0001	2503.0
https://scholarlycommons.law.wlu.edu/cgi/viewcontent.cgi?article=1243&context=crsj&fbclid=IwAR3G443Qe1e1RoozyA9P0PWfqfyrggp6Rse\_4agaSvqZ4GQzGSqGeHOe42M](https://scholarlycommons.law.wlu.edu/cgi/viewcontent.cgi?article=1243&context=crsj&fbclid=IwAR3G443Qe1e1RoozyA9P0PWfqfyrggp6Rse_4agaSvqZ4GQzGSqGeHOe42M)	1	0.0001	2503.0
His	1	0.0001	2503.0
Welcome	1	0.0001	2503.0
checks	1	0.0001	2503.0
Goodness	1	0.0001	2503.0
barely	1	0.0001	2503.0
manor	1	0.0001	2503.0
teach	1	0.0001	2503.0
https://docs.google.com/spreadsheets/d/1\_S9HQFKZhMeVQiIu3gCFtzrg1jZHWrXfGGy9QOoRQMQ/edit#gid=0](https://docs.google.com/spreadsheets/d/1_S9HQFKZhMeVQiIu3gCFtzrg1jZHWrXfGGy9QOoRQMQ/edit#gid=0)	1	0.0001	2503.0
wheels	1	0.0001	2503.0
waiting	1	0.0001	2503.0
videos	1	0.0001	2503.0
insane	1	0.0001	2503.0
forgot	1	0.0001	2503.0
Karaoke	1	0.0001	2503.0
Plus	1	0.0001	2503.0
appeal	1	0.0001	2503.0
widespread	1	0.0001	2503.0
Wall	1	0.0001	2503.0
damage	1	0.0001	2503.0
non-Asians	1	0.0001	2503.0
hind	1	0.0001	2503.0
swung	1	0.0001	2503.0
brought	1	0.0001	2503.0
shrimp	1	0.0001	2503.0
ordered	1	0.0001	2503.0
four	1	0.0001	2503.0
sizes	1	0.0001	2503.0
portion	1	0.0001	2503.0
smaller	1	0.0001	2503.0
you've	1	0.0001	2503.0
accident	1	0.0001	2503.0
vast	1	0.0001	2503.0
AYCE	1	0.0001	2503.0
note	1	0.0001	2503.0
H-Mart	1	0.0001	2503.0
We're	1	0.0001	2503.0
shock	1	0.0001	2503.0
posting	1	0.0001	2503.0
program	1	0.0001	2503.0
funded	1	0.0001	2503.0
publicly	1	0.0001	2503.0
join	1	0.0001	2503.0
digital	1	0.0001	2503.0
test	1	0.0001	2503.0
lets	1	0.0001	2503.0
settings	1	0.0001	2503.0
Monopoly	1	0.0001	2503.0
offer	1	0.0001	2503.0
preference	1	0.0001	2503.0
townhome	1	0.0001	2503.0
credit	1	0.0001	2503.0
peoples	1	0.0001	2503.0
edited	1	0.0001	2503.0
Galaxy	1	0.0001	2503.0
currency	1	0.0001	2503.0
monthly	1	0.0001	2503.0
please	1	0.0001	2503.0
page	1	0.0001	2503.0
Gotcha	1	0.0001	2503.0
4th	1	0.0001	2503.0
Sunday	1	0.0001	2503.0
pint	1	0.0001	2503.0
success	1	0.0001	2503.0
Too	1	0.0001	2503.0
overcrowded	1	0.0001	2503.0
$1.50	1	0.0001	2503.0
funny	1	0.0001	2503.0
S10	1	0.0001	2503.0
worthless	1	0.0001	2503.0
victim	1	0.0001	2503.0
messed	1	0.0001	2503.0
bourbon	1	0.0001	2503.0
Cambodia	1	0.0001	2503.0
vicinity	1	0.0001	2503.0
UMMC	1	0.0001	2503.0
---	1	0.0001	2503.0
Democrat	1	0.0001	2503.0
votes	1	0.0001	2503.0
definition	1	0.0001	2503.0
Only	1	0.0001	2503.0
worrisome	1	0.0001	2503.0
we've	1	0.0001	2503.0
compelling	1	0.0001	2503.0
mayoral	1	0.0001	2503.0
outsider	1	0.0001	2503.0
democratic	1	0.0001	2503.0
perspectives	1	0.0001	2503.0
exist	1	0.0001	2503.0
born	1	0.0001	2503.0
conroy	1	0.0001	2503.0
nowhere	1	0.0001	2503.0
shows	1	0.0001	2503.0
single	1	0.0001	2503.0
reviewed	1	0.0001	2503.0
rights	1	0.0001	2503.0
civil	1	0.0001	2503.0
LEFT	1	0.0001	2503.0
elections	1	0.0001	2503.0
carryout	1	0.0001	2503.0
charles	1	0.0001	2503.0
mckeldin	1	0.0001	2503.0
theodore	1	0.0001	2503.0
segregation	1	0.0001	2503.0
lineup	1	0.0001	2503.0
charge	1	0.0001	2503.0
pig	1	0.0001	2503.0
ghetto	1	0.0001	2503.0
pretending	1	0.0001	2503.0
45	1	0.0001	2503.0
neoliberalism	1	0.0001	2503.0
consensus	1	0.0001	2503.0
democratic/republican	1	0.0001	2503.0
cable	1	0.0001	2503.0
WiFi	1	0.0001	2503.0
lately	1	0.0001	2503.0
resolve	1	0.0001	2503.0
losing	1	0.0001	2503.0
habit	1	0.0001	2503.0
1k	1	0.0001	2503.0
capital	1	0.0001	2503.0
capitulated	1	0.0001	2503.0
militant	1	0.0001	2503.0
nationally	1	0.0001	2503.0
democrat-voting	1	0.0001	2503.0
pushovers	1	0.0001	2503.0
acting	1	0.0001	2503.0
crew	1	0.0001	2503.0
fail	1	0.0001	2503.0
paradise	1	0.0001	2503.0
Bernie's	1	0.0001	2503.0
cam	1	0.0001	2503.0
planting	1	0.0001	2503.0
motherfucker	1	0.0001	2503.0
difficult	1	0.0001	2503.0
determining	1	0.0001	2503.0
shouldn't	1	0.0001	2503.0
exact	1	0.0001	2503.0
non-democrat	1	0.0001	2503.0
sort	1	0.0001	2503.0
blame	1	0.0001	2503.0
Three	1	0.0001	2503.0
hits	1	0.0001	2503.0
appeals	1	0.0001	2503.0
candidacy	1	0.0001	2503.0
vanity	1	0.0001	2503.0
Smith's	1	0.0001	2503.0
tikka	1	0.0001	2503.0
soooo	1	0.0001	2503.0
masala	1	0.0001	2503.0
bartender	1	0.0001	2503.0
Friday	1	0.0001	2503.0
McGovern’s	1	0.0001	2503.0
None	1	0.0001	2503.0
carpool	1	0.0001	2503.0
particularly	1	0.0001	2503.0
relations	1	0.0001	2503.0
Bubble	1	0.0001	2503.0
Filled	1	0.0001	2503.0
Ew	1	0.0001	2503.0
curb	1	0.0001	2503.0
shoppe	1	0.0001	2503.0
😍	1	0.0001	2503.0
customer	1	0.0001	2503.0
Wayyyy	1	0.0001	2503.0
poll	1	0.0001	2503.0
$	1	0.0001	2503.0
Stuff	1	0.0001	2503.0
tier	1	0.0001	2503.0
vignarajah	1	0.0001	2503.0
mochi	1	0.0001	2503.0
countries	1	0.0001	2503.0
https://www.reddit.com/r/baltimore/comments/epdmkb/request_granted	1	0.0001	2503.0
serve	1	0.0001	2503.0
nah	1	0.0001	2503.0
Dude	1	0.0001	2503.0
leftist/progressive	1	0.0001	2503.0
BBQ	1	0.0001	2503.0
built	1	0.0001	2503.0
charcoal	1	0.0001	2503.0
structure	1	0.0001	2503.0
electoral	1	0.0001	2503.0
Shoyou	1	0.0001	2503.0
Sushi	1	0.0001	2503.0
rolls	1	0.0001	2503.0
working-class	1	0.0001	2503.0
genuine	1	0.0001	2503.0
meh	1	0.0001	2503.0
united	1	0.0001	2503.0
shrink	1	0.0001	2503.0
sashimi/nagiri	1	0.0001	2503.0
crooks	1	0.0001	2503.0
outright	1	0.0001	2503.0
nearby	1	0.0001	2503.0
counting	1	0.0001	2503.0
i'll	1	0.0001	2503.0
fire	1	0.0001	2503.0
garbage	1	0.0001	2503.0
low	1	0.0001	2503.0
i've	1	0.0001	2503.0
remark	1	0.0001	2503.0
gross	1	0.0001	2503.0
pathetic	1	0.0001	2503.0
leftists	1	0.0001	2503.0
progressives	1	0.0001	2503.0
centrists	1	0.0001	2503.0
conservatives	1	0.0001	2503.0
merits	1	0.0001	2503.0
tower	1	0.0001	2503.0
Remember	1	0.0001	2503.0
Fell’s	1	0.0001	2503.0
Schpider	1	0.0001	2503.0
Step	1	0.0001	2503.0
cup	1	0.0001	2503.0
legitimate	1	0.0001	2503.0
donuts	1	0.0001	2503.0
dunkin	1	0.0001	2503.0
medical	1	0.0001	2503.0
generally	1	0.0001	2503.0
officially	1	0.0001	2503.0
accounts	1	0.0001	2503.0
contradicting	1	0.0001	2503.0
esp	1	0.0001	2503.0
BaltimoreFishBowl	1	0.0001	2503.0
OP	1	0.0001	2503.0
Party	1	0.0001	2503.0
weeks	1	0.0001	2503.0
fascinating	1	0.0001	2503.0
involving	1	0.0001	2503.0
l	1	0.0001	2503.0
morning	1	0.0001	2503.0
retweeted	1	0.0001	2503.0
Twitter	1	0.0001	2503.0
Fenton’s	1	0.0001	2503.0
Justin	1	0.0001	2503.0
guesing	1	0.0001	2503.0
ancestry	1	0.0001	2503.0
Needs	1	0.0001	2503.0
poster	1	0.0001	2503.0
Really	1	0.0001	2503.0
—	1	0.0001	2503.0
Columbia	1	0.0001	2503.0
vibrant	1	0.0001	2503.0
except	1	0.0001	2503.0
Awful	1	0.0001	2503.0
Almost	1	0.0001	2503.0
bedroom	1	0.0001	2503.0
add	1	0.0001	2503.0
mine	1	0.0001	2503.0
mt	1	0.0001	2503.0
drive	1	0.0001	2503.0
nervous	1	0.0001	2503.0
I’d	1	0.0001	2503.0
midnight	1	0.0001	2503.0
shift	1	0.0001	2503.0
evening	1	0.0001	2503.0
Starting	1	0.0001	2503.0
Mayor	1	0.0001	2503.0
bee	1	0.0001	2503.0
https://www.bizjournals.com/baltimore/print-edition/2011/01/21/omalley-backs-mds-solar-power-water.html	1	0.0001	2503.0
cut	1	0.0001	2503.0
doesn	1	0.0001	2503.0
Caravan	1	0.0001	2503.0
Grand	1	0.0001	2503.0
Guess	1	0.0001	2503.0
foreign	1	0.0001	2503.0
trusted	1	0.0001	2503.0
theirs	1	0.0001	2503.0
demonstrably	1	0.0001	2503.0
proving	1	0.0001	2503.0
surveillance	1	0.0001	2503.0
aerial	1	0.0001	2503.0
product	1	0.0001	2503.0
skin	1	0.0001	2503.0
guest	1	0.0001	2503.0
juice	1	0.0001	2503.0
comments	1	0.0001	2503.0
gentleman	1	0.0001	2503.0
knew	1	0.0001	2503.0
Campus	1	0.0001	2503.0
3,000	1	0.0001	2503.0
aleast	1	0.0001	2503.0
Koreans	1	0.0001	2503.0
brothers	1	0.0001	2503.0
yau	1	0.0001	2503.0
lucky	1	0.0001	2503.0
WOW	1	0.0001	2503.0
Chen	1	0.0001	2503.0
Paul	1	0.0001	2503.0
oriental	1	0.0001	2503.0
Zhongshan	1	0.0001	2503.0
spice	1	0.0001	2503.0
bistro	1	0.0001	2503.0
theres	1	0.0001	2503.0
grief	1	0.0001	2503.0
limbini	1	0.0001	2503.0
Everest	1	0.0001	2503.0
himalaya	1	0.0001	2503.0
dee@thai	1	0.0001	2503.0
mekong	1	0.0001	2503.0
choki	1	0.0001	2503.0
coworkers	1	0.0001	2503.0
Mine	1	0.0001	2503.0
elephant	1	0.0001	2503.0
Landing	1	0.0001	2503.0
drooling	1	0.0001	2503.0
nine	1	0.0001	2503.0
Kuhn	1	0.0001	2503.0
mayuree	1	0.0001	2503.0
kumari	1	0.0001	2503.0
Charm	1	0.0001	2503.0
festival	1	0.0001	2503.0
naturally	1	0.0001	2503.0
Night	1	0.0001	2503.0
basket	1	0.0001	2503.0
Town	1	0.0001	2503.0
drawing	1	0.0001	2503.0
Get	1	0.0001	2503.0
kinks	1	0.0001	2503.0
water-based/bathhouse	1	0.0001	2503.0
rolled	1	0.0001	2503.0
rick	1	0.0001	2503.0
https://charmcitynightmarket.com/](https://charmcitynightmarket.com/)	1	0.0001	2503.0
Walters	1	0.0001	2503.0
holy	1	0.0001	2503.0
photographer	1	0.0001	2503.0
Art	1	0.0001	2503.0
lunar	1	0.0001	2503.0
during	1	0.0001	2503.0
niche	1	0.0001	2503.0
Museum	1	0.0001	2503.0
hosts	1	0.0001	2503.0
gut	1	0.0001	2503.0
seriously	1	0.0001	2503.0
functionality	1	0.0001	2503.0
infrastructure	1	0.0001	2503.0
incorporate	1	0.0001	2503.0
perfectly	1	0.0001	2503.0
Wright-esque	1	0.0001	2503.0
Lloyd	1	0.0001	2503.0
Frank	1	0.0001	2503.0
Very	1	0.0001	2503.0
fills	1	0.0001	2503.0
clerk	1	0.0001	2503.0
schemes	1	0.0001	2503.0
listen	1	0.0001	2503.0
soccer	1	0.0001	2503.0
bf	1	0.0001	2503.0
Seattle-based	1	0.0001	2503.0
hapa	1	0.0001	2503.0
transplants	1	0.0001	2503.0
bizjournals.com	1	0.0001	2503.0
Javascript	1	0.0001	2503.0
disable	1	0.0001	2503.0
IT	1	0.0001	2503.0
Ridiculous	1	0.0001	2503.0
racially	1	0.0001	2503.0
gaining	1	0.0001	2503.0
Latin	1	0.0001	2503.0
isolated	1	0.0001	2503.0
sorry	1	0.0001	2503.0
stoop	1	0.0001	2503.0
airbnb	1	0.0001	2503.0
interview	1	0.0001	2503.0
mark	1	0.0001	2503.0
minute	1	0.0001	2503.0
13:00	1	0.0001	2503.0
Around	1	0.0001	2503.0
weirdly	1	0.0001	2503.0
grad	1	0.0001	2503.0
grammar	1	0.0001	2503.0
Talk	1	0.0001	2503.0
cuts	1	0.0001	2503.0
target	1	0.0001	2503.0
soft	1	0.0001	2503.0
rate	1	0.0001	2503.0
baltimore's	1	0.0001	2503.0
Kfood	1	0.0001	2503.0
MINATO	1	0.0001	2503.0
development	1	0.0001	2503.0
permit	1	0.0001	2503.0
$6	1	0.0001	2503.0
Big	1	0.0001	2503.0
250	1	0.0001	2503.0
Pandora	1	0.0001	2503.0
E	1	0.0001	2503.0
Secondary	1	0.0001	2503.0
Eutaw	1	0.0001	2503.0
N	1	0.0001	2503.0
locations	1	0.0001	2503.0
several	1	0.0001	2503.0
requests	1	0.0001	2503.0
respond	1	0.0001	2503.0
declined	1	0.0001	2503.0
Sapperstein	1	0.0001	2503.0
according	1	0.0001	2503.0
October	1	0.0001	2503.0
BRD	1	0.0001	2503.0
concept	1	0.0001	2503.0
fried	1	0.0001	2503.0
Development	1	0.0001	2503.0
Walker	1	0.0001	2503.0
28	1	0.0001	2503.0
Sapperstein's	1	0.0001	2503.0
miscellaneous	1	0.0001	2503.0
29-unit	1	0.0001	2503.0
hapas	1	0.0001	2503.0
army	1	0.0001	2503.0
tenant	1	0.0001	2503.0
expats	1	0.0001	2503.0
filed	1	0.0001	2503.0
Then	1	0.0001	2503.0
greed	1	0.0001	2503.0
impressed	1	0.0001	2503.0
cooperate	1	0.0001	2503.0
Fusion	1	0.0001	2503.0
Total	1	0.0001	2503.0
poorly	1	0.0001	2503.0
fad	1	0.0001	2503.0
rode	1	0.0001	2503.0
Honestly	1	0.0001	2503.0
Congrats	1	0.0001	2503.0
save	1	0.0001	2503.0
connects	1	0.0001	2503.0
bridge	1	0.0001	2503.0
sky	1	0.0001	2503.0
cravings	1	0.0001	2503.0
hospital’s	1	0.0001	2503.0
Regarding	1	0.0001	2503.0
unexpected	1	0.0001	2503.0
easier	1	0.0001	2503.0
incorrect	1	0.0001	2503.0
Aliceanna	1	0.0001	2503.0
tends	1	0.0001	2503.0
pays	1	0.0001	2503.0
it’ll	1	0.0001	2503.0
mile	1	0.0001	2503.0
$1000	1	0.0001	2503.0
onto	1	0.0001	2503.0
south	1	0.0001	2503.0
greatest	1	0.0001	2503.0
relatively	1	0.0001	2503.0
purpose	1	0.0001	2503.0
arbitrary	1	0.0001	2503.0
haphazard	1	0.0001	2503.0
that’ll	1	0.0001	2503.0
TMBG	1	0.0001	2503.0
learned	1	0.0001	2503.0
although	1	0.0001	2503.0
stalls	1	0.0001	2503.0
spent	1	0.0001	2503.0
happening	1	0.0001	2503.0
orgies	1	0.0001	2503.0
meals	1	0.0001	2503.0
abundance	1	0.0001	2503.0
authentic	1	0.0001	2503.0
fill	1	0.0001	2503.0
marijuana	1	0.0001	2503.0
addicted	1	0.0001	2503.0
foreclosed	1	0.0001	2503.0
Korean-owned	1	0.0001	2503.0
must’ve	1	0.0001	2503.0
Phelps	1	0.0001	2503.0
Michael	1	0.0001	2503.0
https://www.google.com/maps/place/716+S+Bethel+St,+Baltimore,+MD+21231/data=!4m2!3m1!1s0x89c80381d2eded11:0x790fefa4447ab58a?sa=X&ved=2ahUKEwjR3uqQvYjnAhWowFkKHWCrC4AQ8gEwAHoECAsQAQ).	1	0.0001	2503.0
Bethel	1	0.0001	2503.0
pick	1	0.0001	2503.0
gave	1	0.0001	2503.0
prepared	1	0.0001	2503.0
creepy	1	0.0001	2503.0
odd	1	0.0001	2503.0
eats	1	0.0001	2503.0
arroy	1	0.0001	2503.0
Taiwanese	1	0.0001	2503.0
scarce	1	0.0001	2503.0
disappoint	1	0.0001	2503.0
increasingly	1	0.0001	2503.0
trending	1	0.0001	2503.0
716	1	0.0001	2503.0
S	1	0.0001	2503.0
spools	1	0.0001	2503.0
Indochine	1	0.0001	2503.0
Bambao	1	0.0001	2503.0
Phubs	1	0.0001	2503.0
beshitting	1	0.0001	2503.0
chair	1	0.0001	2503.0
arm	1	0.0001	2503.0
Eh	1	0.0001	2503.0
doll	1	0.0001	2503.0
blow	1	0.0001	2503.0
casually	1	0.0001	2503.0
woman	1	0.0001	2503.0
pregnant	1	0.0001	2503.0
familiar	1	0.0001	2503.0
neither	1	0.0001	2503.0
apply	1	0.0001	2503.0
unfortunately	1	0.0001	2503.0
experience	1	0.0001	2503.0
commons	1	0.0001	2503.0
Ledo’s	1	0.0001	2503.0
tomorrow	1	0.0001	2503.0
melts	1	0.0001	2503.0
paddy	1	0.0001	2503.0
Life	1	0.0001	2503.0
Out	1	0.0001	2503.0
Dining	1	0.0001	2503.0
participating	1	0.0001	2503.0
Feast	1	0.0001	2503.0
Moveable	1	0.0001	2503.0
supportive	1	0.0001	2503.0
Gandalf	1	0.0001	2503.0
haired	1	0.0001	2503.0
wont	1	0.0001	2503.0
remain	1	0.0001	2503.0
Pizza	1	0.0001	2503.0
whence	1	0.0001	2503.0
gain	1	0.0001	2503.0
sewing	1	0.0001	2503.0
orchids	1	0.0001	2503.0
growing	1	0.0001	2503.0
swamp	1	0.0001	2503.0
Koco	1	0.0001	2503.0
float	1	0.0001	2503.0
tube	1	0.0001	2503.0
Drunkenly	1	0.0001	2503.0
2019	1	0.0001	2503.0
December	1	0.0001	2503.0
Couple	1	0.0001	2503.0
Chinatown	1	0.0001	2503.0
Ktown	1	0.0001	2503.0
Spiliadis	1	0.0001	2503.0
Dimitris	1	0.0001	2503.0
core	1	0.0001	2503.0
Contact	1	0.0001	2503.0
training	1	0.0001	2503.0
diver's	1	0.0001	2503.0
professional	1	0.0001	2503.0
they’ll	1	0.0001	2503.0
....	1	0.0001	2503.0
$160k	1	0.0001	2503.0
Children's	1	0.0001	2503.0
Hospital	1	0.0001	2503.0
Singer	1	0.0001	2503.0
Champions	1	0.0001	2503.0
AFC	1	0.0001	2503.0
says	1	0.0001	2503.0
hat	1	0.0001	2503.0
values	1	0.0001	2503.0
BARCS	1	0.0001	2503.0
larger	1	0.0001	2503.0
theatre	1	0.0001	2503.0
recommendations	1	0.0001	2503.0
generations	1	0.0001	2503.0
trolling	1	0.0001	2503.0
awful	1	0.0001	2503.0
recommendation	1	0.0001	2503.0
innocent	1	0.0001	2503.0
older	1	0.0001	2503.0
blunt	1	0.0001	2503.0
younger	1	0.0001	2503.0
adventurous	1	0.0001	2503.0
benefits	1	0.0001	2503.0
yields	1	0.0001	2503.0
addressing	1	0.0001	2503.0
Europe	1	0.0001	2503.0
address	1	0.0001	2503.0
what’s	1	0.0001	2503.0
voting	1	0.0001	2503.0
issue	1	0.0001	2503.0
Never	1	0.0001	2503.0
worst	1	0.0001	2503.0
Repeat	1	0.0001	2503.0
Speedy	1	0.0001	2503.0
SAME	1	0.0001	2503.0
everywhere	1	0.0001	2503.0
policing	1	0.0001	2503.0
spending	1	0.0001	2503.0
That'll	1	0.0001	2503.0
settlement	1	0.0001	2503.0
millions	1	0.0001	2503.0
potentially	1	0.0001	2503.0
fight	1	0.0001	2503.0
Middle	1	0.0001	2503.0
killing	1	0.0001	2503.0
illegally	1	0.0001	2503.0
possessing	1	0.0001	2503.0
Willing	1	0.0001	2503.0
baltimorefoodandfun.com	1	0.0001	2503.0
suck	1	0.0001	2503.0
timonium	1	0.0001	2503.0
Commute	1	0.0001	2503.0
sec	1	0.0001	2503.0
10k	1	0.0001	2503.0
r/philadelphia	1	0.0001	2503.0
Shoppe	1	0.0001	2503.0
Curb	1	0.0001	2503.0
Was	1	0.0001	2503.0
suburban	1	0.0001	2503.0
transition	1	0.0001	2503.0
comfortable	1	0.0001	2503.0
northeast	1	0.0001	2503.0
proximity	1	0.0001	2503.0
Baltimore’s	1	0.0001	2503.0
firearms	1	0.0001	2503.0
indefinitely	1	0.0001	2503.0
murdering	1	0.0001	2503.0
hide	1	0.0001	2503.0
tackle	1	0.0001	2503.0
poverty	1	0.0001	2503.0
airplants	1	0.0001	2503.0
parallel	1	0.0001	2503.0
punishing	1	0.0001	2503.0
offenders	1	0.0001	2503.0
batch	1	0.0001	2503.0
Time	1	0.0001	2503.0
Things	1	0.0001	2503.0
font	1	0.0001	2503.0
aggressively	1	0.0001	2503.0
let's	1	0.0001	2503.0
eastern	1	0.0001	2503.0
below	1	0.0001	2503.0
sign	1	0.0001	2503.0
sloppy	1	0.0001	2503.0
tile	1	0.0001	2503.0
IF	1	0.0001	2503.0
https://www.youtube.com/watch?v=3CAQ0iZKP08)	1	0.0001	2503.0
needles	1	0.0001	2503.0
dirty	1	0.0001	2503.0
Fill	1	0.0001	2503.0
beat	1	0.0001	2503.0
incentives	1	0.0001	2503.0
menu	1	0.0001	2503.0
Hands	1	0.0001	2503.0
confidence	1	0.0001	2503.0
zero	1	0.0001	2503.0
cracktastic	1	0.0001	2503.0
attitudes	1	0.0001	2503.0
dates	1	0.0001	2503.0
quickly	1	0.0001	2503.0
incels	1	0.0001	2503.0
subs	1	0.0001	2503.0
yrs	1	0.0001	2503.0
illness	1	0.0001	2503.0
mental	1	0.0001	2503.0
emasculation	1	0.0001	2503.0
perceived	1	0.0001	2503.0
850	1	0.0001	2503.0
950	1	0.0001	2503.0
obtaining	1	0.0001	2503.0
successful	1	0.0001	2503.0
implies	1	0.0001	2503.0
asian	1	0.0001	2503.0
sidekicks	1	0.0001	2503.0
screaming	1	0.0001	2503.0
Broad	1	0.0001	2503.0
noodles	1	0.0001	2503.0
Viet	1	0.0001	2503.0
cafe	1	0.0001	2503.0
delta	1	0.0001	2503.0
MeKong	1	0.0001	2503.0
Bac	1	0.0001	2503.0
Miss	1	0.0001	2503.0
tavern	1	0.0001	2503.0
Shiso	1	0.0001	2503.0
Akira	1	0.0001	2503.0
Minato	1	0.0001	2503.0
Ejji	1	0.0001	2503.0
Raman	1	0.0001	2503.0
PekoPeko	1	0.0001	2503.0
barrier	1	0.0001	2503.0
Sizka	1	0.0001	2503.0
noodle	1	0.0001	2503.0
Yu	1	0.0001	2503.0
Mi	1	0.0001	2503.0
Joanne’s	1	0.0001	2503.0
Pocha	1	0.0001	2503.0
Kong	1	0.0001	2503.0
Kim’s	1	0.0001	2503.0
Kogi	1	0.0001	2503.0
Soju	1	0.0001	2503.0
Jazz	1	0.0001	2503.0
Rice	1	0.0001	2503.0
Brown	1	0.0001	2503.0
Boy	1	0.0001	2503.0
BeOne	1	0.0001	2503.0
Katana	1	0.0001	2503.0
master	1	0.0001	2503.0
art	1	0.0001	2503.0
martial	1	0.0001	2503.0
hooker	1	0.0001	2503.0
non-Asian	1	0.0001	2503.0
touch	1	0.0001	2503.0
followed	1	0.0001	2503.0
chief	1	0.0001	2503.0
expeditions	1	0.0001	2503.0
America’s	1	0.0001	2503.0
claims	1	0.0001	2503.0
supports	1	0.0001	2503.0
guides	1	0.0001	2503.0
academically	1	0.0001	2503.0
stance	1	0.0001	2503.0
wonders	1	0.0001	2503.0
hall	1	0.0001	2503.0
etymology	1	0.0001	2503.0
investigations	1	0.0001	2503.0
hospitals	1	0.0001	2503.0
raids	1	0.0001	2503.0
FBI	1	0.0001	2503.0
universities	1	0.0001	2503.0
Still	1	0.0001	2503.0
Cant	1	0.0001	2503.0
spectating	1	0.0001	2503.0
squeegees	1	0.0001	2503.0
teenage	1	0.0001	2503.0
i'm	1	0.0001	2503.0
shouting	1	0.0001	2503.0
light	1	0.0001	2503.0
lady	1	0.0001	2503.0
naked	1	0.0001	2503.0
due	1	0.0001	2503.0
glosses	1	0.0001	2503.0
comfort	1	0.0001	2503.0
Those	1	0.0001	2503.0
cast	1	0.0001	2503.0
Trulia	1	0.0001	2503.0
stereotypes	1	0.0001	2503.0
racial	1	0.0001	2503.0
authored	1	0.0001	2503.0
date	1	0.0001	2503.0
2008	1	0.0001	2503.0
reflect	1	0.0001	2503.0
accurately	1	0.0001	2503.0
1944-1972’ish	1	0.0001	2503.0
basis	1	0.0001	2503.0
argument	1	0.0001	2503.0
stronger	1	0.0001	2503.0
measurements	1	0.0001	2503.0
objective	1	0.0001	2503.0
rates	1	0.0001	2503.0
obesity	1	0.0001	2503.0
wouldn’t	1	0.0001	2503.0
intends	1	0.0001	2503.0
thus	1	0.0001	2503.0
omitted	1	0.0001	2503.0
fails	1	0.0001	2503.0
reasons	1	0.0001	2503.0
european	1	0.0001	2503.0
desirable	1	0.0001	2503.0
sex	1	0.0001	2503.0
objects	1	0.0001	2503.0
mention	1	0.0001	2503.0
educational	1	0.0001	2503.0
attainment	1	0.0001	2503.0
incomes	1	0.0001	2503.0
lens	1	0.0001	2503.0
spite	1	0.0001	2503.0
